drug_set,condition_id_norm,label,missing_drug_ids,missing_disease_id,reason
"['CHEBI:100241', 'CHEBI:17650']",UMLS:C0740437,1,[],UMLS:C0740437,missing_disease
"['CHEBI:100241', 'CHEBI:41879']",MONDO:0004866,1,[],MONDO:0004866,missing_disease
"['CHEBI:10033', 'CHEBI:4653']",UMLS:C0919822,1,[],UMLS:C0919822,missing_disease
"['CHEBI:10082', 'CHEBI:27373']",UMLS:C0176372,1,[],UMLS:C0176372,missing_disease
"['CHEBI:102524', 'CHEBI:135538', 'CHEBI:27732']",UMLS:C0852402,1,[],UMLS:C0852402,missing_disease
"['CHEBI:10454', 'CHEBI:135214']",UMLS:C1998297,0,[],UMLS:C1998297,missing_disease
"['CHEBI:107736', 'CHEBI:15671', 'CHEBI:30769', 'CHEBI:31498', 'CHEBI:32139', 'CHEBI:64733']",NCIT:C78213,1,[],NCIT:C78213,missing_disease
"['CHEBI:107736', 'CHEBI:15671', 'CHEBI:30769', 'CHEBI:31498', 'CHEBI:32139', 'CHEBI:64733']",UMLS:C0001707,1,[],UMLS:C0001707,missing_disease
"['CHEBI:114785', 'CHEBI:175901']",UMLS:C5395609,1,[],UMLS:C5395609,missing_disease
"['CHEBI:114785', 'UNII:D99YVK4L0X']",UMLS:C3888903,1,[],UMLS:C3888903,missing_disease
"['CHEBI:114786', 'CHEBI:131527']",UMLS:C0040793,0,[],UMLS:C0040793,missing_disease
"['CHEBI:114786', 'CHEBI:17234']",UMLS:C0040793,0,[],UMLS:C0040793,missing_disease
"['CHEBI:114786', 'CHEBI:26710']",UMLS:C0040793,0,[],UMLS:C0040793,missing_disease
"['CHEBI:114786', 'CHEBI:32954']",UMLS:C0040793,0,[],UMLS:C0040793,missing_disease
"['CHEBI:116735', 'CHEBI:135611', 'CHEBI:7507', 'UNII:877376V2XW']",UMLS:C0729771,1,[],UMLS:C0729771,missing_disease
"['CHEBI:116735', 'CHEBI:17987', 'CHEBI:34393']",UMLS:C5437085,1,[],UMLS:C5437085,missing_disease
"['CHEBI:116735', 'CHEBI:30853', 'CHEBI:3614']",MONDO:0006723,1,['CHEBI:30853'],,missing_drug
"['CHEBI:116735', 'CHEBI:31264', 'UNII:877376V2XW']",UMLS:C0729771,1,[],UMLS:C0729771,missing_disease
"['CHEBI:116735', 'CHEBI:9468']",UMLS:C0011593,1,[],UMLS:C0011593,missing_disease
"['CHEBI:116735', 'UNII:877376V2XW']",UMLS:C0729771,1,[],UMLS:C0729771,missing_disease
"['CHEBI:119486', 'CHEBI:31536', 'CHEBI:63717']",UNII:7K28NB895L,1,['CHEBI:119486'],UNII:7K28NB895L,missing_drug+missing_disease
"['CHEBI:12777', 'CHEBI:15940']",UMLS:C0342951,0,[],UMLS:C0342951,missing_disease
"['CHEBI:12777', 'CHEBI:16709', 'CHEBI:18145']",MONDO:0005559,1,[],MONDO:0005559,missing_disease
"['CHEBI:12777', 'CHEBI:16709', 'CHEBI:18145']",UMLS:C0852222,1,[],UMLS:C0852222,missing_disease
"['CHEBI:12777', 'CHEBI:18145']",MONDO:0005559,1,[],MONDO:0005559,missing_disease
"['CHEBI:12777', 'CHEBI:28659']",UMLS:C0573813,0,[],UMLS:C0573813,missing_disease
"['CHEBI:131527', 'CHEBI:17234', 'CHEBI:26710', 'CHEBI:32029', 'CHEBI:32599', 'CHEBI:3309']",UMLS:C4509972,1,[],UMLS:C4509972,missing_disease
"['CHEBI:133009', 'CHEBI:85083']",UMLS:C4049392,1,[],UMLS:C4049392,missing_disease
"['CHEBI:133009', 'CHEBI:85083']",UMLS:C4049395,1,[],UMLS:C4049395,missing_disease
"['CHEBI:133009', 'CHEBI:85083']",UMLS:C4049418,1,[],UMLS:C4049418,missing_disease
"['CHEBI:133009', 'CHEBI:85083']",UMLS:C4049420,1,[],UMLS:C4049420,missing_disease
"['CHEBI:133009', 'CHEBI:85083']",UMLS:C4049431,1,[],UMLS:C4049431,missing_disease
"['CHEBI:133009', 'CHEBI:85083']",UMLS:C4049435,1,[],UMLS:C4049435,missing_disease
"['CHEBI:133021', 'CHEBI:76612']",UMLS:C5395609,1,[],UMLS:C5395609,missing_disease
"['CHEBI:133538', 'CHEBI:15603', 'CHEBI:15971', 'CHEBI:16414', 'CHEBI:16811', 'CHEBI:16828', 'CHEBI:16857', 'CHEBI:17191', 'CHEBI:17295']",UMLS:C0542211,1,[],UMLS:C0542211,missing_disease
"['CHEBI:134718', 'CHEBI:15765', 'CHEBI:39585']",MONDO:0014231,1,['CHEBI:39585'],,missing_drug
"['CHEBI:134719', 'CHEBI:9421']",UMLS:C2189270,1,[],UMLS:C2189270,missing_disease
"['CHEBI:134719', 'CHEBI:9421']",UMLS:C4727977,1,[],UMLS:C4727977,missing_disease
"['CHEBI:134726', 'CHEBI:15765', 'CHEBI:39585']",MONDO:0014231,1,['CHEBI:39585'],,missing_drug
"['CHEBI:134743', 'CHEBI:63580', 'UNII:G8RGG88B68']",UMLS:C4049392,1,[],UMLS:C4049392,missing_disease
"['CHEBI:134743', 'CHEBI:63580', 'UNII:G8RGG88B68']",UMLS:C4049431,1,[],UMLS:C4049431,missing_disease
"['CHEBI:134743', 'CHEBI:63580', 'UNII:Q46947FE7K']",UMLS:C4049392,1,[],UMLS:C4049392,missing_disease
"['CHEBI:134743', 'CHEBI:63580', 'UNII:Q46947FE7K']",UMLS:C4049431,1,[],UMLS:C4049431,missing_disease
"['CHEBI:134743', 'CHEBI:85083']",UMLS:C4049392,1,[],UMLS:C4049392,missing_disease
"['CHEBI:134753', 'CHEBI:28939']",UMLS:C0342398,0,[],UMLS:C0342398,missing_disease
"['CHEBI:134761', 'CHEBI:88839']",UMLS:C0856716,0,[],UMLS:C0856716,missing_disease
"['CHEBI:134813', 'CHEBI:52010', 'CHEBI:8093']",UMLS:C2317131,1,[],UMLS:C2317131,missing_disease
"['CHEBI:134850', 'CHEBI:17439']",UMLS:C0948998,0,[],UMLS:C0948998,missing_disease
"['CHEBI:134850', 'CHEBI:17439']",UMLS:C1996939,0,[],UMLS:C1996939,missing_disease
"['CHEBI:134850', 'CHEBI:17439', 'CHEBI:31749', 'CHEBI:41879', 'CHEBI:6456']",UMLS:C0543612,1,[],UMLS:C0543612,missing_disease
"['CHEBI:134850', 'CHEBI:31749']",UMLS:C0948998,0,[],UMLS:C0948998,missing_disease
"['CHEBI:134850', 'CHEBI:31749']",UMLS:C1996939,0,[],UMLS:C1996939,missing_disease
"['CHEBI:134850', 'CHEBI:41879']",UMLS:C0948998,0,[],UMLS:C0948998,missing_disease
"['CHEBI:134850', 'CHEBI:41879']",UMLS:C1996939,0,[],UMLS:C1996939,missing_disease
"['CHEBI:134850', 'CHEBI:6456']",UMLS:C0948998,0,[],UMLS:C0948998,missing_disease
"['CHEBI:134850', 'CHEBI:6456']",UMLS:C1996939,0,[],UMLS:C1996939,missing_disease
"['CHEBI:135096', 'CHEBI:16914']",UMLS:C1271063,0,[],UMLS:C1271063,missing_disease
"['CHEBI:135096', 'CHEBI:16914']",UMLS:C2609048,1,[],UMLS:C2609048,missing_disease
"['CHEBI:135402', 'CHEBI:74500']",MONDO:0001410,1,['CHEBI:135402'],,missing_drug
"['CHEBI:135446', 'CHEBI:8389']",UMLS:C0559162,0,[],UMLS:C0559162,missing_disease
"['CHEBI:135446', 'CHEBI:8389']",UMLS:C1261367,0,[],UMLS:C1261367,missing_disease
"['CHEBI:135446', 'CHEBI:8389']",UMLS:C1277190,0,[],UMLS:C1277190,missing_disease
"['CHEBI:135492', 'CHEBI:50156']",UMLS:C0851300,1,[],UMLS:C0851300,missing_disease
"['CHEBI:135499', 'CHEBI:9671']",UMLS:C0851300,1,[],UMLS:C0851300,missing_disease
"['CHEBI:135499', 'CHEBI:9671']",UMLS:C1142529,0,[],UMLS:C1142529,missing_disease
"['CHEBI:135538', 'CHEBI:22652', 'CHEBI:46195']",UMLS:C0852402,1,[],UMLS:C0852402,missing_disease
"['CHEBI:135538', 'CHEBI:5088']",MONDO:0001732,1,[],MONDO:0001732,missing_disease
"['CHEBI:135538', 'CHEBI:5088']",MONDO:0004729,1,[],MONDO:0004729,missing_disease
"['CHEBI:135538', 'CHEBI:5088']",MONDO:0005280,1,[],MONDO:0005280,missing_disease
"['CHEBI:135538', 'CHEBI:5088']",UMLS:C0863151,1,[],UMLS:C0863151,missing_disease
"['CHEBI:135538', 'CHEBI:5088']",UMLS:C4041537,1,[],UMLS:C4041537,missing_disease
"['CHEBI:135547', 'CHEBI:94773']",UMLS:C1290992,1,[],UMLS:C1290992,missing_disease
"['CHEBI:135598', 'CHEBI:33353']",MONDO:0005267,1,['CHEBI:135598'],,missing_drug
"['CHEBI:135598', 'CHEBI:33353']",UMLS:C0852149,1,['CHEBI:135598'],UMLS:C0852149,missing_drug+missing_disease
"['CHEBI:135611', 'CHEBI:164200', 'DRUGBANK:DB11579']",MONDO:0004980,1,['DRUGBANK:DB11579'],,missing_drug
"['CHEBI:135611', 'CHEBI:17824']",UMLS:C0178808,1,[],UMLS:C0178808,missing_disease
"['CHEBI:135611', 'CHEBI:36560', 'CHEBI:39561']",UMLS:C0086196,1,[],UMLS:C0086196,missing_disease
"['CHEBI:135611', 'CHEBI:39561']",UMLS:C0043255,1,[],UMLS:C0043255,missing_disease
"['CHEBI:135611', 'CHEBI:41872']",UMLS:C0729771,1,[],UMLS:C0729771,missing_disease
"['CHEBI:135642', 'CHEBI:31498']",NCIT:C78213,1,[],NCIT:C78213,missing_disease
"['CHEBI:135735', 'CHEBI:135849']",UMLS:C1802373,0,[],UMLS:C1802373,missing_disease
"['CHEBI:135735', 'CHEBI:135849']",UMLS:C1998297,0,[],UMLS:C1998297,missing_disease
"['CHEBI:135735', 'CHEBI:135849']",UMLS:C2585811,0,[],UMLS:C2585811,missing_disease
"['CHEBI:135735', 'CHEBI:135849']",UMLS:C4708664,0,[],UMLS:C4708664,missing_disease
"['CHEBI:135735', 'CHEBI:601027']",UMLS:C1802373,0,[],UMLS:C1802373,missing_disease
"['CHEBI:135780', 'CHEBI:49575']",UMLS:C4728126,1,[],UMLS:C4728126,missing_disease
"['CHEBI:136014', 'CHEBI:16236']",MONDO:0005113,1,['CHEBI:136014'],,missing_drug
"['CHEBI:140618', 'CHEBI:36560', 'UNII:8P5F881OCY']",MONDO:0004605,1,['CHEBI:140618'],,missing_drug
"['CHEBI:140618', 'CHEBI:36560', 'UNII:8P5F881OCY']",MONDO:0004646,1,['CHEBI:140618'],MONDO:0004646,missing_drug+missing_disease
"['CHEBI:142773', 'CHEBI:50838']",UMLS:C0337664,0,[],UMLS:C0337664,missing_disease
"['CHEBI:142773', 'CHEBI:50838']",UniProtKB:A0A4X1SKS6,0,[],UniProtKB:A0A4X1SKS6,missing_disease
"['CHEBI:15365', 'CHEBI:27732', 'CHEBI:46195']",UMLS:C0852402,1,[],UMLS:C0852402,missing_disease
"['CHEBI:15365', 'CHEBI:27732', 'CHEBI:46195']",UMLS:C1698508,1,[],UMLS:C1698508,missing_disease
"['CHEBI:15365', 'CHEBI:30769', 'CHEBI:32139']",UMLS:C0852402,1,[],UMLS:C0852402,missing_disease
"['CHEBI:15365', 'CHEBI:38545']",UMLS:C1996962,1,[],UMLS:C1996962,missing_disease
"['CHEBI:15365', 'CHEBI:50690']",UMLS:C0919822,1,[],UMLS:C0919822,missing_disease
"['CHEBI:15365', 'CHEBI:50690']",UMLS:C4324389,1,[],UMLS:C4324389,missing_disease
"['CHEBI:15365', 'CHEBI:51173']",UMLS:C0852402,1,['CHEBI:51173'],UMLS:C0852402,missing_drug+missing_disease
"['CHEBI:15365', 'CHEBI:51209']",UMLS:C0852402,1,[],UMLS:C0852402,missing_disease
"['CHEBI:15365', 'CHEBI:51209']",UMLS:C0948780,1,[],UMLS:C0948780,missing_disease
"['CHEBI:15365', 'CHEBI:6761']",HP:0012531,1,['CHEBI:6761'],,missing_drug
"['CHEBI:15365', 'CHEBI:9588']",UMLS:C3889030,1,[],UMLS:C3889030,missing_disease
"['CHEBI:15366', 'CHEBI:15366', 'CHEBI:30136', 'UNII:80EHD8I43D']",UMLS:C0740437,1,[],UMLS:C0740437,missing_disease
"['CHEBI:15366', 'CHEBI:17650']",UMLS:C0740437,1,[],UMLS:C0740437,missing_disease
"['CHEBI:15367', 'CHEBI:16199']",UMLS:C0851421,1,[],UMLS:C0851421,missing_disease
"['CHEBI:15377', 'CHEBI:26710', 'CHEBI:33353', 'CHEBI:75215']",MONDO:0006007,1,['CHEBI:15377'],MONDO:0006007,missing_drug+missing_disease
"['CHEBI:15377', 'CHEBI:26710', 'CHEBI:33353', 'CHEBI:75215']",MONDO:0007955,1,['CHEBI:15377'],MONDO:0007955,missing_drug+missing_disease
"['CHEBI:15407', 'CHEBI:15409', 'CHEBI:31292', 'CHEBI:3614', 'CHEBI:36560', 'CHEBI:9468', 'UNII:FGL8577C9S']",MONDO:0004872,1,['UNII:FGL8577C9S'],,missing_drug
"['CHEBI:15407', 'CHEBI:46195', 'CHEBI:52010', 'CHEBI:5551']",UMLS:C0852402,1,[],UMLS:C0852402,missing_disease
"['CHEBI:15409', 'CHEBI:31206', 'CHEBI:4636']",UMLS:C0264222,1,[],UMLS:C0264222,missing_disease
"['CHEBI:15409', 'CHEBI:31832', 'CHEBI:36773', 'UNII:2R04ONI662']",UMLS:C2609048,1,[],UMLS:C2609048,missing_disease
"['CHEBI:15409', 'CHEBI:33130', 'UNII:FML8G1U0Y3']",NCIT:C78213,1,[],NCIT:C78213,missing_disease
"['CHEBI:15409', 'CHEBI:3374', 'CHEBI:36773', 'CHEBI:88839']",UMLS:C0877023,1,[],UMLS:C0877023,missing_disease
"['CHEBI:15409', 'CHEBI:8378', 'UNII:5EL163606Q', 'UNII:NQ14646378']",UMLS:C4286025,1,[],UMLS:C4286025,missing_disease
"['CHEBI:15409', 'DRUGBANK:DB11338', 'UNII:2R04ONI662']",UMLS:C0278138,1,[],UMLS:C0278138,missing_disease
"['CHEBI:15603', 'CHEBI:16414', 'CHEBI:17191']",HP:0003073,1,[],HP:0003073,missing_disease
"['CHEBI:15603', 'CHEBI:16414', 'CHEBI:17191']",UMLS:C0393642,1,[],UMLS:C0393642,missing_disease
"['CHEBI:15603', 'CHEBI:16414', 'CHEBI:17191']",UMLS:C1704207,1,[],UMLS:C1704207,missing_disease
"['CHEBI:15640', 'CHEBI:15641', 'CHEBI:15908', 'CHEBI:16238', 'CHEBI:16908', 'CHEBI:17750', 'CHEBI:18303', 'CHEBI:18405', 'CHEBI:18408', 'CHEBI:185218', 'CHEBI:27470', 'UNII:0N1G678593', 'UNII:8B4OP7RK5N', 'UNII:9TI35313XW']",MONDO:0004574,1,"['UNII:0N1G678593', 'UNII:8B4OP7RK5N']",,missing_drug
"['CHEBI:15640', 'CHEBI:15641', 'CHEBI:15908', 'CHEBI:16238', 'CHEBI:16908', 'CHEBI:17750', 'CHEBI:18303', 'CHEBI:18405', 'CHEBI:18408', 'CHEBI:185218', 'CHEBI:27470', 'UNII:0N1G678593', 'UNII:8B4OP7RK5N', 'UNII:9TI35313XW']",MONDO:0008228,1,"['UNII:0N1G678593', 'UNII:8B4OP7RK5N']",,missing_drug
"['CHEBI:15640', 'CHEBI:29034']",UMLS:C0156847,1,[],UMLS:C0156847,missing_disease
"['CHEBI:15640', 'CHEBI:29034']",UMLS:C0271930,1,[],UMLS:C0271930,missing_disease
"['CHEBI:15676', 'CHEBI:17754', 'DRUGBANK:DB14139']",HP:0030161,1,['DRUGBANK:DB14139'],,missing_drug
"['CHEBI:15676', 'CHEBI:28304', 'DRUGBANK:DB10548']",HP:0100699,1,['DRUGBANK:DB10548'],,missing_drug
"['CHEBI:15765', 'CHEBI:39585']",MONDO:0005391,1,['CHEBI:39585'],,missing_drug
"['CHEBI:15765', 'CHEBI:39585']",MONDO:0017638,1,['CHEBI:39585'],,missing_drug
"['CHEBI:15765', 'CHEBI:39585', 'CHEBI:4798']",MONDO:0014231,1,['CHEBI:39585'],,missing_drug
"['CHEBI:15765', 'CHEBI:39585', 'CHEBI:4798']",UMLS:C0521984,1,['CHEBI:39585'],,missing_drug
"['CHEBI:15765', 'CHEBI:39585', 'CHEBI:63617']",MONDO:0014231,1,['CHEBI:39585'],,missing_drug
"['CHEBI:15765', 'CHEBI:39585', 'CHEBI:63630']",MONDO:0005180,1,['CHEBI:39585'],,missing_drug
"['CHEBI:15765', 'CHEBI:39585', 'CHEBI:9086']",MONDO:0014231,1,['CHEBI:39585'],,missing_drug
"['CHEBI:15940', 'CHEBI:15956']",UMLS:C0342951,0,[],UMLS:C0342951,missing_disease
"['CHEBI:15940', 'CHEBI:16709']",UMLS:C0342951,0,[],UMLS:C0342951,missing_disease
"['CHEBI:15940', 'CHEBI:17015']",UMLS:C0342951,0,[],UMLS:C0342951,missing_disease
"['CHEBI:15940', 'CHEBI:18067']",UMLS:C0342951,0,[],UMLS:C0342951,missing_disease
"['CHEBI:15940', 'CHEBI:18145']",UMLS:C0342951,0,[],UMLS:C0342951,missing_disease
"['CHEBI:15940', 'CHEBI:18385']",UMLS:C0342951,0,[],UMLS:C0342951,missing_disease
"['CHEBI:15940', 'CHEBI:22652']",UMLS:C0342951,0,[],UMLS:C0342951,missing_disease
"['CHEBI:15940', 'CHEBI:27300']",UMLS:C0342951,0,[],UMLS:C0342951,missing_disease
"['CHEBI:15940', 'CHEBI:27373']",UMLS:C0342951,0,[],UMLS:C0342951,missing_disease
"['CHEBI:15940', 'CHEBI:27470']",UMLS:C0342951,0,[],UMLS:C0342951,missing_disease
"['CHEBI:15940', 'CHEBI:30411']",UMLS:C0342951,0,[],UMLS:C0342951,missing_disease
"['CHEBI:15940', 'CHEBI:94731']",UMLS:C4708664,0,[],UMLS:C4708664,missing_disease
"['CHEBI:15940', 'UNII:JTL8B7TVW7']",UMLS:C0342951,0,['UNII:JTL8B7TVW7'],UMLS:C0342951,missing_drug+missing_disease
"['CHEBI:15948', 'CHEBI:16709', 'CHEBI:17439', 'CHEBI:18145', 'CHEBI:18145', 'CHEBI:27363', 'CHEBI:27470', 'CHEBI:27568', 'UNII:J7WWH9M8QS']",MONDO:0042976,1,['CHEBI:15948'],,missing_drug
"['CHEBI:15956', 'CHEBI:16709', 'CHEBI:17015', 'CHEBI:17268', 'CHEBI:17439', 'CHEBI:18145', 'CHEBI:18385', 'CHEBI:22652', 'CHEBI:23414', 'CHEBI:27300', 'CHEBI:27470', 'CHEBI:28125', 'CHEBI:28364', 'CHEBI:31607', 'CHEBI:35176', 'CHEBI:534', 'DRUGBANK:DB13961']",MONDO:0005929,1,['CHEBI:17268'],MONDO:0005929,missing_drug+missing_disease
"['CHEBI:15956', 'CHEBI:28659']",UMLS:C0573813,0,[],UMLS:C0573813,missing_disease
"['CHEBI:16080', 'CHEBI:49575']",UMLS:C0948391,1,[],UMLS:C0948391,missing_disease
"['CHEBI:16134', 'CHEBI:184335']",MONDO:0002317,1,['CHEBI:16134'],,missing_drug
"['CHEBI:16199', 'CHEBI:16914']",MONDO:0006590,1,[],MONDO:0006590,missing_disease
"['CHEBI:16199', 'CHEBI:16914']",MONDO:0007869,1,[],MONDO:0007869,missing_disease
"['CHEBI:16199', 'CHEBI:16914']",UMLS:C5441647,1,[],UMLS:C5441647,missing_disease
"['CHEBI:16199', 'CHEBI:17650']",UMLS:C4286025,1,[],UMLS:C4286025,missing_disease
"['CHEBI:16199', 'CHEBI:17650']",UMLS:C5441647,1,[],UMLS:C5441647,missing_disease
"['CHEBI:16236', 'CHEBI:184335', 'CHEBI:4470', 'UNII:61ZBX54883']",HP:0012735,1,['UNII:61ZBX54883'],,missing_drug
"['CHEBI:16236', 'CHEBI:184335', 'CHEBI:4470', 'UNII:61ZBX54883']",HP:0033050,1,['UNII:61ZBX54883'],,missing_drug
"['CHEBI:16236', 'CHEBI:30769', 'CHEBI:51380', 'CHEBI:5779', 'UNII:2Y6VQU63E8']",HP:0012735,1,['UNII:2Y6VQU63E8'],,missing_drug
"['CHEBI:16236', 'CHEBI:4470', 'UNII:61ZBX54883']",MONDO:0005607,1,['UNII:61ZBX54883'],,missing_drug
"['CHEBI:16236', 'CHEBI:4470', 'UNII:61ZBX54883']",MONDO:0005709,1,['UNII:61ZBX54883'],,missing_drug
"['CHEBI:16283', 'CHEBI:7916']",UMLS:C0232409,1,[],UMLS:C0232409,missing_disease
"['CHEBI:16283', 'CHEBI:7916']",UMLS:C3854354,1,[],UMLS:C3854354,missing_disease
"['CHEBI:16335', 'DRUGBANK:DB14256', 'UNII:L4EL31FWIL']",UMLS:C0424499,1,[],UMLS:C0424499,missing_disease
"['CHEBI:16336', 'CHEBI:17754', 'UNII:K679OBS311']",UMLS:C0234655,1,[],UMLS:C0234655,missing_disease
"['CHEBI:16336', 'CHEBI:31933']",UMLS:C0339164,1,[],UMLS:C0339164,missing_disease
"['CHEBI:16382', 'CHEBI:17606']",UMLS:C0043250,1,['CHEBI:16382'],,missing_drug
"['CHEBI:16382', 'CHEBI:3614', 'CHEBI:8346']",HP:0000225,1,['CHEBI:16382'],,missing_drug
"['CHEBI:164200', 'CHEBI:34393']",UMLS:C0011593,1,[],UMLS:C0011593,missing_disease
"['CHEBI:16469', 'CHEBI:50742']",UMLS:C0747771,1,[],UMLS:C0747771,missing_disease
"['CHEBI:16469', 'UNII:2W8I1S6T5L']",CHEBI:41922,0,['UNII:2W8I1S6T5L'],,missing_drug
"['CHEBI:16469', 'UNII:2W8I1S6T5L']",HP:0001681,0,['UNII:2W8I1S6T5L'],,missing_drug
"['CHEBI:16469', 'UNII:2W8I1S6T5L']",HP:0002625,0,['UNII:2W8I1S6T5L'],,missing_drug
"['CHEBI:16469', 'UNII:2W8I1S6T5L']",HP:0002910,0,['UNII:2W8I1S6T5L'],,missing_drug
"['CHEBI:16469', 'UNII:2W8I1S6T5L']",HP:0025343,0,['UNII:2W8I1S6T5L'],,missing_drug
"['CHEBI:16469', 'UNII:2W8I1S6T5L']",HP:0040298,0,['UNII:2W8I1S6T5L'],,missing_drug
"['CHEBI:16469', 'UNII:2W8I1S6T5L']",MONDO:0000755,0,['UNII:2W8I1S6T5L'],,missing_drug
"['CHEBI:16469', 'UNII:2W8I1S6T5L']",MONDO:0002304,0,['UNII:2W8I1S6T5L'],,missing_drug
"['CHEBI:16469', 'UNII:2W8I1S6T5L']",MONDO:0004743,0,['UNII:2W8I1S6T5L'],,missing_drug
"['CHEBI:16469', 'UNII:2W8I1S6T5L']",MONDO:0005098,0,['UNII:2W8I1S6T5L'],,missing_drug
"['CHEBI:16469', 'UNII:2W8I1S6T5L']",MONDO:0005154,0,['UNII:2W8I1S6T5L'],,missing_drug
"['CHEBI:16469', 'UNII:2W8I1S6T5L']",MONDO:0005279,0,['UNII:2W8I1S6T5L'],,missing_drug
"['CHEBI:16469', 'UNII:2W8I1S6T5L']",MONDO:0005386,0,['UNII:2W8I1S6T5L'],,missing_drug
"['CHEBI:16469', 'UNII:2W8I1S6T5L']",MONDO:0005399,0,['UNII:2W8I1S6T5L'],,missing_drug
"['CHEBI:16469', 'UNII:2W8I1S6T5L']",MONDO:0006716,0,['UNII:2W8I1S6T5L'],,missing_drug
"['CHEBI:16469', 'UNII:2W8I1S6T5L']",MONDO:0007254,0,['UNII:2W8I1S6T5L'],,missing_drug
"['CHEBI:16469', 'UNII:2W8I1S6T5L']",MONDO:0008560,0,['UNII:2W8I1S6T5L'],,missing_drug
"['CHEBI:16469', 'UNII:2W8I1S6T5L']",MONDO:0011962,0,['UNII:2W8I1S6T5L'],,missing_drug
"['CHEBI:16469', 'UNII:2W8I1S6T5L']",MONDO:0019142,0,['UNII:2W8I1S6T5L'],,missing_drug
"['CHEBI:16469', 'UNII:2W8I1S6T5L']",UMLS:C0854381,0,['UNII:2W8I1S6T5L'],,missing_drug
"['CHEBI:16469', 'UNII:2W8I1S6T5L']",UMLS:C0855239,0,['UNII:2W8I1S6T5L'],,missing_drug
"['CHEBI:16469', 'UNII:2W8I1S6T5L']",UMLS:C0877371,0,['UNII:2W8I1S6T5L'],,missing_drug
"['CHEBI:16469', 'UNII:2W8I1S6T5L']",UMLS:C1277190,0,['UNII:2W8I1S6T5L'],UMLS:C1277190,missing_drug+missing_disease
"['CHEBI:16469', 'UNII:2W8I1S6T5L']",UMLS:C1277614,0,['UNII:2W8I1S6T5L'],UMLS:C1277614,missing_drug+missing_disease
"['CHEBI:16469', 'UNII:2W8I1S6T5L']",UMLS:C3805038,0,['UNII:2W8I1S6T5L'],UMLS:C3805038,missing_drug+missing_disease
"['CHEBI:16684', 'CHEBI:4534']",UMLS:C0947873,1,[],UMLS:C0947873,missing_disease
"['CHEBI:16684', 'CHEBI:4639']",UMLS:C0947873,1,['CHEBI:4639'],UMLS:C0947873,missing_drug+missing_disease
"['CHEBI:16684', 'CHEBI:8354']",UMLS:C0573242,1,[],UMLS:C0573242,missing_disease
"['CHEBI:16709', 'CHEBI:17015', 'CHEBI:17154', 'CHEBI:18385']",UMLS:C0852222,1,[],UMLS:C0852222,missing_disease
"['CHEBI:16709', 'CHEBI:17015', 'CHEBI:17154', 'CHEBI:18385', 'UNII:UM5219H89V']",UMLS:C0852222,1,[],UMLS:C0852222,missing_disease
"['CHEBI:16709', 'CHEBI:17439']",MONDO:0024333,1,[],MONDO:0024333,missing_disease
"['CHEBI:16709', 'CHEBI:17439', 'CHEBI:18385', 'CHEBI:6456']",RXCUI:1150091,1,[],RXCUI:1150091,missing_disease
"['CHEBI:16709', 'CHEBI:17621', 'CHEBI:30769', 'CHEBI:45931', 'CHEBI:64733']",HP:0001946,1,[],HP:0001946,missing_disease
"['CHEBI:16709', 'CHEBI:28659']",UMLS:C0573813,0,[],UMLS:C0573813,missing_disease
"['CHEBI:16714', 'CHEBI:5551']",UMLS:C0749874,1,[],UMLS:C0749874,missing_disease
"['CHEBI:16714', 'CHEBI:8461']",UMLS:C0749874,1,[],UMLS:C0749874,missing_disease
"['CHEBI:16794', 'CHEBI:31807']",UMLS:C4728126,1,[],UMLS:C4728126,missing_disease
"['CHEBI:16794', 'CHEBI:5855']",UMLS:C0149875,1,[],UMLS:C0149875,missing_disease
"['CHEBI:16914', 'CHEBI:29385', 'CHEBI:30746']",HP:0025251,1,[],HP:0025251,missing_disease
"['CHEBI:16914', 'CHEBI:34764']",MONDO:0005340,1,[],MONDO:0005340,missing_disease
"['CHEBI:16914', 'CHEBI:34764']",UMLS:C0263361,1,[],UMLS:C0263361,missing_disease
"['CHEBI:16914', 'CHEBI:34764']",UMLS:C5441647,1,[],UMLS:C5441647,missing_disease
"['CHEBI:16914', 'CHEBI:46345']",UMLS:C0853833,1,[],UMLS:C0853833,missing_disease
"['CHEBI:16914', 'CHEBI:46859', 'CHEBI:78320']",UMLS:C0010046,1,[],UMLS:C0010046,missing_disease
"['CHEBI:16914', 'CHEBI:78320']",UMLS:C0010046,1,[],UMLS:C0010046,missing_disease
"['CHEBI:16914', 'CHEBI:78320']",UMLS:C0263631,1,[],UMLS:C0263631,missing_disease
"['CHEBI:16914', 'CHEBI:78320']",UMLS:C0457978,1,[],UMLS:C0457978,missing_disease
"['CHEBI:16914', 'CHEBI:9667']",UMLS:C0263361,1,[],UMLS:C0263361,missing_disease
"['CHEBI:16914', 'PUBCHEM.COMPOUND:6433489']",MONDO:0044339,1,[],MONDO:0044339,missing_disease
"['CHEBI:16914', 'PUBCHEM.COMPOUND:6433489']",UMLS:C3662826,1,[],UMLS:C3662826,missing_disease
"['CHEBI:17015', 'CHEBI:17154', 'CHEBI:18385', 'CHEBI:27300', 'CHEBI:27470', 'CHEBI:28869', 'CHEBI:31607', 'DRUGBANK:DB11128', 'UNII:2URQ2N32W3']",UMLS:C0271930,1,[],UMLS:C0271930,missing_disease
"['CHEBI:17015', 'CHEBI:18385']",UMLS:C0264802,1,[],UMLS:C0264802,missing_disease
"['CHEBI:17015', 'CHEBI:18385']",UMLS:C0855232,1,[],UMLS:C0855232,missing_disease
"['CHEBI:17015', 'CHEBI:18385']",UMLS:C1096296,1,[],UMLS:C1096296,missing_disease
"['CHEBI:17015', 'CHEBI:28659']",UMLS:C0573813,0,[],UMLS:C0573813,missing_disease
"['CHEBI:17076', 'CHEBI:17698']",UMLS:C0849784,1,[],UMLS:C0849784,missing_disease
"['CHEBI:17154', 'CHEBI:17621', 'CHEBI:18385']",UMLS:C0852222,1,[],UMLS:C0852222,missing_disease
"['CHEBI:17154', 'CHEBI:17621', 'CHEBI:18405', 'CHEBI:45931']",UMLS:C1142144,1,[],UMLS:C1142144,missing_disease
"['CHEBI:17154', 'CHEBI:28659']",UMLS:C0573813,0,[],UMLS:C0573813,missing_disease
"['CHEBI:17234', 'CHEBI:17234', 'CHEBI:3215']",NCIT:C51220,1,[],NCIT:C51220,missing_disease
"['CHEBI:17234', 'CHEBI:25107', 'CHEBI:26710', 'CHEBI:32145', 'CHEBI:32588', 'CHEBI:3312', 'CHEBI:6650']",UMLS:C1112600,1,[],UMLS:C1112600,missing_disease
"['CHEBI:17234', 'CHEBI:25107', 'CHEBI:26710', 'CHEBI:32588', 'CHEBI:32954', 'CHEBI:3312']",UMLS:C0860006,1,[],UMLS:C0860006,missing_disease
"['CHEBI:17234', 'CHEBI:25107', 'CHEBI:26710', 'CHEBI:32588', 'CHEBI:32954', 'CHEBI:3312']",UMLS:C1112600,1,[],UMLS:C1112600,missing_disease
"['CHEBI:17234', 'CHEBI:25107', 'CHEBI:26710', 'CHEBI:32588', 'CHEBI:32954', 'CHEBI:33198']",UMLS:C0855232,1,[],UMLS:C0855232,missing_disease
"['CHEBI:17234', 'CHEBI:25107', 'CHEBI:26710', 'CHEBI:32588', 'CHEBI:32954', 'CHEBI:33198']",UMLS:C4509972,1,[],UMLS:C4509972,missing_disease
"['CHEBI:17234', 'CHEBI:25107', 'CHEBI:26710', 'CHEBI:32588', 'CHEBI:3312']",UMLS:C1112600,1,[],UMLS:C1112600,missing_disease
"['CHEBI:17234', 'CHEBI:25107', 'CHEBI:32588', 'CHEBI:34683', 'CHEBI:63036', 'CHEBI:78320']",MONDO:0850046,1,[],MONDO:0850046,missing_disease
"['CHEBI:17234', 'CHEBI:25107', 'CHEBI:32588', 'CHEBI:34683', 'CHEBI:63036', 'CHEBI:78320']",UMLS:C0947873,1,[],UMLS:C0947873,missing_disease
"['CHEBI:17234', 'CHEBI:26216', 'CHEBI:26710']",NCIT:C121574,1,[],NCIT:C121574,missing_disease
"['CHEBI:17234', 'CHEBI:26216', 'CHEBI:26710']",UMLS:C0851480,1,[],UMLS:C0851480,missing_disease
"['CHEBI:17234', 'CHEBI:26216', 'CHEBI:26710']",UMLS:C1321013,1,[],UMLS:C1321013,missing_disease
"['CHEBI:17234', 'CHEBI:26710']",UMLS:C0420433,1,[],UMLS:C0420433,missing_disease
"['CHEBI:17234', 'CHEBI:26710', 'CHEBI:31206', 'CHEBI:32588']",UMLS:C4509972,1,[],UMLS:C4509972,missing_disease
"['CHEBI:17246', 'CHEBI:27373']",MONDO:0006733,1,['CHEBI:17246'],,missing_drug
"['CHEBI:17246', 'CHEBI:28674', 'CHEBI:53248']",HP:0025337,1,['CHEBI:17246'],,missing_drug
"['CHEBI:17246', 'CHEBI:28674', 'CHEBI:53248']",MONDO:0006733,1,['CHEBI:17246'],,missing_drug
"['CHEBI:17246', 'CHEBI:28674', 'CHEBI:53248']",NCIT:C187286,1,['CHEBI:17246'],,missing_drug
"['CHEBI:17246', 'CHEBI:28674', 'CHEBI:53248']",UMLS:C0234655,1,['CHEBI:17246'],UMLS:C0234655,missing_drug+missing_disease
"['CHEBI:17246', 'CHEBI:28674', 'CHEBI:53248']",UMLS:C0948595,1,['CHEBI:17246'],,missing_drug
"['CHEBI:17246', 'CHEBI:53248']",MONDO:0006733,1,['CHEBI:17246'],,missing_drug
"['CHEBI:172943', 'CHEBI:31536', 'CHEBI:90923']",UMLS:C0877599,1,[],UMLS:C0877599,missing_disease
"['CHEBI:17439', 'CHEBI:28659']",UMLS:C0573813,0,[],UMLS:C0573813,missing_disease
"['CHEBI:175901', 'CHEBI:31355', 'UNII:2S9ZZM9Q9V']",UMLS:C0861873,1,[],UMLS:C0861873,missing_disease
"['CHEBI:17606', 'CHEBI:17824']",UMLS:C0851439,1,[],UMLS:C0851439,missing_disease
"['CHEBI:17650', 'CHEBI:17650', 'CHEBI:7507']",UMLS:C4285790,1,[],UMLS:C4285790,missing_disease
"['CHEBI:17650', 'CHEBI:247956']",UMLS:C0947872,1,[],UMLS:C0947872,missing_disease
"['CHEBI:17650', 'CHEBI:31439']",UMLS:C0947839,1,[],UMLS:C0947839,missing_disease
"['CHEBI:17650', 'CHEBI:36560', 'CHEBI:6456', 'UNII:FGL8577C9S']",HP:0012390,1,['UNII:FGL8577C9S'],,missing_drug
"['CHEBI:17650', 'CHEBI:36560', 'CHEBI:6456', 'UNII:FGL8577C9S']",MONDO:0004872,1,['UNII:FGL8577C9S'],,missing_drug
"['CHEBI:17650', 'CHEBI:36560', 'CHEBI:6456', 'UNII:FGL8577C9S']",MONDO:0005538,1,['UNII:FGL8577C9S'],,missing_drug
"['CHEBI:17650', 'CHEBI:36560', 'CHEBI:6456', 'UNII:FGL8577C9S']",NCIT:C34887,1,['UNII:FGL8577C9S'],,missing_drug
"['CHEBI:17650', 'CHEBI:36560', 'CHEBI:6456', 'UNII:FGL8577C9S']",UMLS:C0033775,1,['UNII:FGL8577C9S'],,missing_drug
"['CHEBI:17650', 'CHEBI:37943', 'CHEBI:7507', 'CHEBI:94514']",UMLS:C0740437,1,[],UMLS:C0740437,missing_disease
"['CHEBI:17650', 'CHEBI:46859']",UMLS:C4286025,1,[],UMLS:C4286025,missing_disease
"['CHEBI:17650', 'CHEBI:74460']",UMLS:C0151217,1,[],UMLS:C0151217,missing_disease
"['CHEBI:17650', 'CHEBI:74460']",UMLS:C0241873,1,[],UMLS:C0241873,missing_disease
"['CHEBI:17650', 'CHEBI:8357']",MONDO:0001046,1,[],MONDO:0001046,missing_disease
"['CHEBI:17698', 'CHEBI:27902', 'CHEBI:37943']",UMLS:C4285790,1,[],UMLS:C4285790,missing_disease
"['CHEBI:17698', 'CHEBI:28674', 'CHEBI:41879']",UMLS:C0270996,1,[],UMLS:C0270996,missing_disease
"['CHEBI:17698', 'CHEBI:3077', 'CHEBI:37943', 'CHEBI:63334']",UMLS:C0851800,1,[],UMLS:C0851800,missing_disease
"['CHEBI:17698', 'CHEBI:3077', 'CHEBI:37943', 'CHEBI:63334']",UMLS:C4285790,1,[],UMLS:C4285790,missing_disease
"['CHEBI:17698', 'CHEBI:41879']",MONDO:0005129,1,[],MONDO:0005129,missing_disease
"['CHEBI:17698', 'CHEBI:7470', 'CHEBI:8378']",UMLS:C0270996,1,[],UMLS:C0270996,missing_disease
"['CHEBI:177427', 'CHEBI:177866']",UMLS:C0854334,0,[],UMLS:C0854334,missing_disease
"['CHEBI:177427', 'CHEBI:6456']",UMLS:C0565653,0,[],UMLS:C0565653,missing_disease
"['CHEBI:17754', 'CHEBI:53426', 'UNII:K679OBS311']",UMLS:C0234655,1,[],UMLS:C0234655,missing_disease
"['CHEBI:17754', 'UNII:K679OBS311']",UMLS:C0234655,1,[],UMLS:C0234655,missing_disease
"['CHEBI:177836', 'CHEBI:27375', 'CHEBI:28748', 'UNII:7XL5ISS668']",UMLS:C0855068,1,[],UMLS:C0855068,missing_disease
"['CHEBI:177866', 'CHEBI:247956']",UMLS:C0854334,0,[],UMLS:C0854334,missing_disease
"['CHEBI:17833', 'CHEBI:5108']",UMLS:C1290009,1,[],UMLS:C1290009,missing_disease
"['CHEBI:17833', 'CHEBI:5108']",UMLS:C1736135,1,[],UMLS:C1736135,missing_disease
"['CHEBI:17924', 'UNII:D0Y70F2B9J']",UMLS:C0947759,0,[],UMLS:C0947759,missing_disease
"['CHEBI:17987', 'CHEBI:30746', 'CHEBI:48220']",UMLS:C0729771,1,[],UMLS:C0729771,missing_disease
"['CHEBI:18145', 'CHEBI:28659']",UMLS:C0573813,0,[],UMLS:C0573813,missing_disease
"['CHEBI:18248', 'CHEBI:28659']",UMLS:C0573813,0,[],UMLS:C0573813,missing_disease
"['CHEBI:18250', 'CHEBI:22652', 'CHEBI:29035', 'CHEBI:47977', 'DRUGBANK:DB14276']",MONDO:0005578,1,['DRUGBANK:DB14276'],,missing_drug
"['CHEBI:18385', 'CHEBI:28659']",UMLS:C0573813,0,[],UMLS:C0573813,missing_disease
"['CHEBI:190513', 'CHEBI:27300', 'DRUGBANK:DB14101']",GO:0042697,1,['DRUGBANK:DB14101'],,missing_drug
"['CHEBI:194135', 'CHEBI:8378']",MONDO:0005129,1,[],MONDO:0005129,missing_disease
"['CHEBI:22469', 'CHEBI:27961']",UMLS:C1271063,0,[],UMLS:C1271063,missing_disease
"['CHEBI:22652', 'CHEBI:28659']",UMLS:C0573813,0,[],UMLS:C0573813,missing_disease
"['CHEBI:22652', 'CHEBI:48213', 'CHEBI:48220']",UMLS:C0729771,1,[],UMLS:C0729771,missing_disease
"['CHEBI:22652', 'UNII:C3B9R0E116']",MONDO:0005027,0,['UNII:C3B9R0E116'],,missing_drug
"['CHEBI:22652', 'UNII:C3B9R0E116']",MONDO:0016027,0,['UNII:C3B9R0E116'],,missing_drug
"['CHEBI:22652', 'UNII:C3B9R0E116']",UMLS:C1271063,0,['UNII:C3B9R0E116'],UMLS:C1271063,missing_drug+missing_disease
"['CHEBI:229630', 'UNII:61ZBX54883']",HP:0012735,1,['UNII:61ZBX54883'],,missing_drug
"['CHEBI:22984', 'CHEBI:2567', 'CHEBI:27300']",EFO:0003964,1,[],EFO:0003964,missing_disease
"['CHEBI:22984', 'CHEBI:28659']",UMLS:C0573813,0,[],UMLS:C0573813,missing_disease
"['CHEBI:247956', 'UNII:0PA7CJ4RFB']",HP:0012390,1,['UNII:0PA7CJ4RFB'],,missing_drug
"['CHEBI:247956', 'UNII:0PA7CJ4RFB']",MONDO:0002595,0,['UNII:0PA7CJ4RFB'],,missing_drug
"['CHEBI:247956', 'UNII:0PA7CJ4RFB']",MONDO:0004872,1,['UNII:0PA7CJ4RFB'],,missing_drug
"['CHEBI:247956', 'UNII:0PA7CJ4RFB']",MONDO:0005538,1,['UNII:0PA7CJ4RFB'],,missing_drug
"['CHEBI:247956', 'UNII:0PA7CJ4RFB']",MONDO:0005700,0,['UNII:0PA7CJ4RFB'],,missing_drug
"['CHEBI:247956', 'UNII:0PA7CJ4RFB']",MONDO:0005976,0,['UNII:0PA7CJ4RFB'],,missing_drug
"['CHEBI:247956', 'UNII:0PA7CJ4RFB']",MONDO:0018076,0,['UNII:0PA7CJ4RFB'],,missing_drug
"['CHEBI:25107', 'CHEBI:26710', 'CHEBI:32139', 'CHEBI:32588', 'CHEBI:3312', 'CHEBI:34683', 'CHEBI:34683']",UMLS:C0013221,1,[],UMLS:C0013221,missing_disease
"['CHEBI:25107', 'CHEBI:26710', 'CHEBI:32139', 'CHEBI:32588', 'CHEBI:3312', 'CHEBI:34683', 'CHEBI:34683']",UMLS:C0852198,1,[],UMLS:C0852198,missing_disease
"['CHEBI:25107', 'CHEBI:26710', 'CHEBI:32588', 'CHEBI:32954']",UMLS:C0877369,1,[],UMLS:C0877369,missing_disease
"['CHEBI:25107', 'CHEBI:26710', 'CHEBI:32588', 'CHEBI:32954', 'CHEBI:3312']",UMLS:C0860006,1,[],UMLS:C0860006,missing_disease
"['CHEBI:25107', 'CHEBI:26710', 'CHEBI:32588', 'CHEBI:32954', 'CHEBI:3312']",UMLS:C1112600,1,[],UMLS:C1112600,missing_disease
"['CHEBI:25107', 'CHEBI:26710', 'CHEBI:32588', 'CHEBI:32954', 'CHEBI:3312', 'CHEBI:6650']",UMLS:C1112600,1,[],UMLS:C1112600,missing_disease
"['CHEBI:25107', 'CHEBI:26710', 'CHEBI:32588', 'CHEBI:32954', 'CHEBI:33198']",NCIT:C35017,1,[],NCIT:C35017,missing_disease
"['CHEBI:25107', 'CHEBI:26710', 'CHEBI:32588', 'CHEBI:3312', 'CHEBI:78320']",UMLS:C0860006,1,[],UMLS:C0860006,missing_disease
"['CHEBI:25107', 'CHEBI:26710', 'CHEBI:32588', 'CHEBI:3312', 'CHEBI:78320']",UMLS:C1112600,1,[],UMLS:C1112600,missing_disease
"['CHEBI:25107', 'CHEBI:28659']",UMLS:C0573813,0,[],UMLS:C0573813,missing_disease
"['CHEBI:2549', 'CHEBI:5106']",UMLS:C1319018,1,[],UMLS:C1319018,missing_disease
"['CHEBI:2666', 'CHEBI:3611']",UMLS:C0588007,1,[],UMLS:C0588007,missing_disease
"['CHEBI:2666', 'CHEBI:8028']",UMLS:C0588007,1,[],UMLS:C0588007,missing_disease
"['CHEBI:2668', 'CHEBI:38545']",UMLS:C0340288,1,[],UMLS:C0340288,missing_disease
"['CHEBI:2668', 'CHEBI:50690']",UMLS:C0340288,1,[],UMLS:C0340288,missing_disease
"['CHEBI:26710', 'CHEBI:30742', 'CHEBI:32139', 'CHEBI:32588']",UMLS:C0730516,1,[],UMLS:C0730516,missing_disease
"['CHEBI:26710', 'CHEBI:32588', 'CHEBI:34683', 'CHEBI:34683', 'CHEBI:78320']",UMLS:C0852198,1,[],UMLS:C0852198,missing_disease
"['CHEBI:2676', 'CHEBI:3732', 'CHEBI:50275']",UMLS:C4510851,1,[],UMLS:C4510851,missing_disease
"['CHEBI:2676', 'CHEBI:3732', 'CHEBI:6375']",UMLS:C4510851,1,[],UMLS:C4510851,missing_disease
"['CHEBI:2676', 'CHEBI:48947']",RXCUI:151392,0,[],RXCUI:151392,missing_disease
"['CHEBI:2676', 'CHEBI:48947']",UMLS:C0264222,1,[],UMLS:C0264222,missing_disease
"['CHEBI:2676', 'CHEBI:48947']",UMLS:C0851631,1,[],UMLS:C0851631,missing_disease
"['CHEBI:2676', 'CHEBI:48947']",UMLS:C0851989,1,[],UMLS:C0851989,missing_disease
"['CHEBI:2676', 'CHEBI:48947']",UMLS:C0852351,1,[],UMLS:C0852351,missing_disease
"['CHEBI:2676', 'CHEBI:48947']",UMLS:C5577613,1,[],UMLS:C5577613,missing_disease
"['CHEBI:2676', 'CHEBI:6375']",UMLS:C4510851,1,[],UMLS:C4510851,missing_disease
"['CHEBI:27363', 'CHEBI:28659']",UMLS:C0573813,0,[],UMLS:C0573813,missing_disease
"['CHEBI:27373', 'CHEBI:28262', 'CHEBI:28304']",UMLS:C0851300,1,[],UMLS:C0851300,missing_disease
"['CHEBI:27373', 'CHEBI:3614']",MONDO:0004646,1,[],MONDO:0004646,missing_disease
"['CHEBI:27373', 'CHEBI:3614']",UMLS:C0010957,1,[],UMLS:C0010957,missing_disease
"['CHEBI:27373', 'CHEBI:3614']",UMLS:C0332803,1,[],UMLS:C0332803,missing_disease
"['CHEBI:27373', 'CHEBI:3614']",UMLS:C5437085,1,[],UMLS:C5437085,missing_disease
"['CHEBI:27373', 'CHEBI:41872']",HP:0001609,1,[],HP:0001609,missing_disease
"['CHEBI:27470', 'CHEBI:28659']",UMLS:C0573813,0,[],UMLS:C0573813,missing_disease
"['CHEBI:27470', 'CHEBI:75832']",UMLS:C0522613,1,[],UMLS:C0522613,missing_disease
"['CHEBI:27568', 'CHEBI:28741', 'CHEBI:29035', 'CHEBI:30808', 'CHEBI:49553', 'CHEBI:53442', 'CHEBI:75215', 'CHEBI:8346', 'UNII:86Q357L16B']",UMLS:C0342924,1,[],UMLS:C0342924,missing_disease
"['CHEBI:27568', 'CHEBI:28741', 'CHEBI:29035', 'CHEBI:30808', 'CHEBI:49553', 'CHEBI:75215', 'CHEBI:8346', 'UNII:86Q357L16B']",UMLS:C0342924,1,[],UMLS:C0342924,missing_disease
"['CHEBI:27568', 'CHEBI:28741', 'CHEBI:29035', 'CHEBI:30812', 'CHEBI:49553', 'CHEBI:53442', 'CHEBI:75215', 'CHEBI:8346', 'UNII:86Q357L16B']",UMLS:C0342924,1,[],UMLS:C0342924,missing_disease
"['CHEBI:27568', 'CHEBI:28741', 'CHEBI:29708', 'CHEBI:31431', 'CHEBI:31608', 'CHEBI:53442', 'CHEBI:75215', 'CHEBI:8346', 'UNII:7G09WJ8QIR']",UMLS:C0342924,1,['UNII:7G09WJ8QIR'],UMLS:C0342924,missing_drug+missing_disease
"['CHEBI:27568', 'CHEBI:29708', 'CHEBI:31431', 'CHEBI:8346', 'UNII:7G09WJ8QIR']",UMLS:C0342924,1,['UNII:7G09WJ8QIR'],UMLS:C0342924,missing_drug+missing_disease
"['CHEBI:27594', 'CHEBI:29385', 'CHEBI:34914', 'DRUGBANK:DB10651', 'UNII:3FYP5M0IJX']",MONDO:0002203,1,['DRUGBANK:DB10651'],,missing_drug
"['CHEBI:27594', 'CHEBI:29385', 'CHEBI:34914', 'DRUGBANK:DB10651', 'UNII:3FYP5M0IJX']",NCIT:C78213,1,['DRUGBANK:DB10651'],NCIT:C78213,missing_drug+missing_disease
"['CHEBI:27594', 'CHEBI:29385', 'DRUGBANK:DB10651', 'UNII:3FYP5M0IJX']",MONDO:0002203,1,['DRUGBANK:DB10651'],,missing_drug
"['CHEBI:27594', 'CHEBI:29385', 'DRUGBANK:DB10651', 'UNII:3FYP5M0IJX']",UMLS:C0260146,1,['DRUGBANK:DB10651'],UMLS:C0260146,missing_drug+missing_disease
"['CHEBI:27594', 'CHEBI:6637', 'DRUGBANK:DB13913', 'UNII:AV092KU4JH']",NCIT:C78213,1,[],NCIT:C78213,missing_disease
"['CHEBI:27594', 'CHEBI:81916', 'DRUGBANK:DB14016']",MONDO:0001684,1,['DRUGBANK:DB14016'],,missing_drug
"['CHEBI:27594', 'CHEBI:81916', 'DRUGBANK:DB14016']",UMLS:C0267167,1,['DRUGBANK:DB14016'],,missing_drug
"['CHEBI:27644', 'CHEBI:9667']",UMLS:C0948998,0,[],UMLS:C0948998,missing_disease
"['CHEBI:27732', 'CHEBI:46195', 'UNII:N667F17JP1']",UMLS:C0852402,1,[],UMLS:C0852402,missing_disease
"['CHEBI:27899', 'CHEBI:45863']",UMLS:C5400468,1,[],UMLS:C5400468,missing_disease
"['CHEBI:27899', 'CHEBI:480999']",UMLS:C0855068,1,[],UMLS:C0855068,missing_disease
"['CHEBI:27902', 'CHEBI:3077', 'CHEBI:7470']",UMLS:C3805071,1,[],UMLS:C3805071,missing_disease
"['CHEBI:27902', 'CHEBI:71419', 'CHEBI:9331']",MONDO:0005280,1,[],MONDO:0005280,missing_disease
"['CHEBI:27902', 'CHEBI:71419', 'CHEBI:9331']",UMLS:C0851439,1,[],UMLS:C0851439,missing_disease
"['CHEBI:27902', 'CHEBI:71419', 'CHEBI:9331']",UMLS:C1610066,1,[],UMLS:C1610066,missing_disease
"['CHEBI:27961', 'CHEBI:28093', 'CHEBI:35616', 'CHEBI:36612', 'CHEBI:36740', 'CHEBI:3830', 'CHEBI:50025']",MONDO:0024647,1,"['CHEBI:35616', 'CHEBI:36612']",MONDO:0024647,missing_drug+missing_disease
"['CHEBI:27974', 'DRUGBANK:DB15823']",RXCUI:1089111,1,[],RXCUI:1089111,missing_disease
"['CHEBI:28098', 'CHEBI:31415']",UMLS:C5818401,0,[],UMLS:C5818401,missing_disease
"['CHEBI:28177', 'CHEBI:5551', 'UNII:2Y6VQU63E8']",MONDO:0001358,1,['UNII:2Y6VQU63E8'],,missing_drug
"['CHEBI:28177', 'CHEBI:5551', 'UNII:2Y6VQU63E8']",MONDO:0003781,1,['UNII:2Y6VQU63E8'],,missing_drug
"['CHEBI:28177', 'CHEBI:5551', 'UNII:2Y6VQU63E8']",MONDO:0004979,1,['UNII:2Y6VQU63E8'],,missing_drug
"['CHEBI:28241', 'DRUGBANK:DB13913']",UMLS:C4728126,1,[],UMLS:C4728126,missing_disease
"['CHEBI:28591', 'CHEBI:4917']",MONDO:0001752,1,[],MONDO:0001752,missing_disease
"['CHEBI:28659', 'CHEBI:28659']",UMLS:C0573813,0,[],UMLS:C0573813,missing_disease
"['CHEBI:28659', 'CHEBI:28694']",UMLS:C0573813,0,[],UMLS:C0573813,missing_disease
"['CHEBI:28659', 'CHEBI:28934']",UMLS:C0573813,0,[],UMLS:C0573813,missing_disease
"['CHEBI:28659', 'CHEBI:29035']",UMLS:C0573813,0,[],UMLS:C0573813,missing_disease
"['CHEBI:28659', 'CHEBI:7916']",UMLS:C0573813,0,[],UMLS:C0573813,missing_disease
"['CHEBI:28669', 'CHEBI:41872', 'CHEBI:59788']",UMLS:C0858739,1,[],UMLS:C0858739,missing_disease
"['CHEBI:28669', 'CHEBI:7507']",UMLS:C0858739,1,[],UMLS:C0858739,missing_disease
"['CHEBI:28669', 'CHEBI:8310']",UMLS:C0851439,1,[],UMLS:C0851439,missing_disease
"['CHEBI:28674', 'CHEBI:84115']",UMLS:C0270996,1,[],UMLS:C0270996,missing_disease
"['CHEBI:28741', 'CHEBI:3614']",UMLS:C4319571,1,[],UMLS:C4319571,missing_disease
"['CHEBI:28741', 'UNII:8NY9L8837D', 'UNII:Q3B1Y93C1S']",MONDO:0002233,1,['UNII:Q3B1Y93C1S'],,missing_drug
"['CHEBI:28741', 'UNII:8NY9L8837D', 'UNII:Q3B1Y93C1S']",MONDO:0004038,1,['UNII:Q3B1Y93C1S'],,missing_drug
"['CHEBI:28741', 'UNII:8NY9L8837D', 'UNII:Q3B1Y93C1S']",MONDO:0004059,1,['UNII:Q3B1Y93C1S'],,missing_drug
"['CHEBI:28741', 'UNII:8NY9L8837D', 'UNII:Q3B1Y93C1S']",MONDO:0005276,1,['UNII:Q3B1Y93C1S'],,missing_drug
"['CHEBI:28741', 'UNII:Q3B1Y93C1S']",HP:0002015,0,['UNII:Q3B1Y93C1S'],,missing_drug
"['CHEBI:28741', 'UNII:Q3B1Y93C1S']",MONDO:0006722,0,['UNII:Q3B1Y93C1S'],,missing_drug
"['CHEBI:28741', 'UNII:Q3B1Y93C1S']",UMLS:C0410447,0,['UNII:Q3B1Y93C1S'],UMLS:C0410447,missing_drug+missing_disease
"['CHEBI:28741', 'UNII:Q3B1Y93C1S']",UMLS:C1536052,0,['UNII:Q3B1Y93C1S'],,missing_drug
"['CHEBI:28748', 'CHEBI:4027', 'CHEBI:8382', 'UNII:7XL5ISS668']",UMLS:C0855068,1,[],UMLS:C0855068,missing_disease
"['CHEBI:28971', 'CHEBI:9321']",UMLS:C0005660,1,[],UMLS:C0005660,missing_disease
"['CHEBI:28971', 'CHEBI:9321']",UMLS:C0729565,1,[],UMLS:C0729565,missing_disease
"['CHEBI:28971', 'CHEBI:9321']",UMLS:C0852351,1,[],UMLS:C0852351,missing_disease
"['CHEBI:28971', 'CHEBI:9321']",UMLS:C4727977,1,[],UMLS:C4727977,missing_disease
"['CHEBI:29013', 'CHEBI:6970']",UMLS:C0162817,1,[],UMLS:C0162817,missing_disease
"['CHEBI:29101', 'CHEBI:31498', 'UNII:6V88E24N5T']",MONDO:0007721,1,[],MONDO:0007721,missing_disease
"['CHEBI:291342', 'CHEBI:5855', 'CHEBI:8093']",MONDO:0000263,1,[],MONDO:0000263,missing_disease
"['CHEBI:2950', 'CHEBI:5134']",UMLS:C1096734,1,[],UMLS:C1096734,missing_disease
"['CHEBI:2955', 'CHEBI:575568']",UMLS:C5201148,1,[],UMLS:C5201148,missing_disease
"['CHEBI:29888', 'CHEBI:78067']",MONDO:0006716,1,"['CHEBI:29888', 'CHEBI:78067']",,missing_drug
"['CHEBI:3001', 'CHEBI:7507']",UMLS:C0086196,1,[],UMLS:C0086196,missing_disease
"['CHEBI:30114', 'CHEBI:48981']",HP:0000225,1,['CHEBI:30114'],,missing_drug
"['CHEBI:30314', 'CHEBI:8228']",UMLS:C1802373,1,[],UMLS:C1802373,missing_disease
"['CHEBI:30769', 'UNII:D0Y70F2B9J']",UMLS:C0947759,0,[],UMLS:C0947759,missing_disease
"['CHEBI:3077', 'CHEBI:3764']",DRUGBANK:DB10446,1,[],DRUGBANK:DB10446,missing_disease
"['CHEBI:3077', 'CHEBI:50749']",UMLS:C0263361,1,[],UMLS:C0263361,missing_disease
"['CHEBI:31206', 'CHEBI:4470', 'CHEBI:52010', 'UNII:61ZBX54883']",MONDO:0005709,1,['UNII:61ZBX54883'],,missing_drug
"['CHEBI:31206', 'CHEBI:4470', 'UNII:WV9CM0O67Z']",MONDO:0005607,1,['UNII:WV9CM0O67Z'],,missing_drug
"['CHEBI:31206', 'CHEBI:4470', 'UNII:WV9CM0O67Z']",MONDO:0005709,1,['UNII:WV9CM0O67Z'],,missing_drug
"['CHEBI:31264', 'UNII:877376V2XW']",UMLS:C0729771,1,[],UMLS:C0729771,missing_disease
"['CHEBI:31292', 'CHEBI:31317', 'CHEBI:32234', 'CHEBI:6456']",UMLS:C0948484,1,[],UMLS:C0948484,missing_disease
"['CHEBI:31302', 'CHEBI:8481']",UMLS:C4728126,1,"['CHEBI:31302', 'CHEBI:8481']",UMLS:C4728126,missing_drug+missing_disease
"['CHEBI:31355', 'CHEBI:45863', 'PUBCHEM.COMPOUND:91820602', 'UNII:2S9ZZM9Q9V', 'UNII:52CMI0WC3Y']",UMLS:C5395609,1,[],UMLS:C5395609,missing_disease
"['CHEBI:31355', 'CHEBI:45863', 'PUBCHEM.COMPOUND:91820602', 'UNII:52CMI0WC3Y']",UMLS:C5395609,1,[],UMLS:C5395609,missing_disease
"['CHEBI:31355', 'CHEBI:45863', 'UNII:2S9ZZM9Q9V']",UMLS:C0861873,1,[],UMLS:C0861873,missing_disease
"['CHEBI:31355', 'CHEBI:45863', 'UNII:2S9ZZM9Q9V', 'UNII:52CMI0WC3Y']",UMLS:C5395609,1,[],UMLS:C5395609,missing_disease
"['CHEBI:31355', 'CHEBI:45863', 'UNII:52CMI0WC3Y']",UMLS:C5395609,1,[],UMLS:C5395609,missing_disease
"['CHEBI:31355', 'CHEBI:4911', 'PUBCHEM.COMPOUND:91820602', 'UNII:52CMI0WC3Y']",UniProtKB:A0A8D1C1M1,1,[],UniProtKB:A0A8D1C1M1,missing_disease
"['CHEBI:31355', 'CHEBI:63616', 'UNII:0JSR7Z0NB6']",UMLS:C5395609,1,[],UMLS:C5395609,missing_disease
"['CHEBI:31394', 'CHEBI:4903']",UMLS:C3887021,0,[],UMLS:C3887021,missing_disease
"['CHEBI:31394', 'CHEBI:4903']",UniProtKB:A0A4X1SKS6,0,[],UniProtKB:A0A4X1SKS6,missing_disease
"['CHEBI:31484', 'CHEBI:31739']",MONDO:0005076,1,[],MONDO:0005076,missing_disease
"['CHEBI:31498', 'CHEBI:32139']",NCIT:C78213,1,[],NCIT:C78213,missing_disease
"['CHEBI:31498', 'CHEBI:32168', 'CHEBI:81916']",UMLS:C0267167,1,['CHEBI:32168'],,missing_drug
"['CHEBI:31498', 'CHEBI:3311']",NCIT:C78213,1,[],NCIT:C78213,missing_disease
"['CHEBI:31498', 'CHEBI:33130', 'CHEBI:6637']",NCIT:C78213,1,[],NCIT:C78213,missing_disease
"['CHEBI:31498', 'CHEBI:33130', 'CHEBI:6637', 'UNII:FML8G1U0Y3']",NCIT:C78213,1,[],NCIT:C78213,missing_disease
"['CHEBI:31498', 'CHEBI:33130', 'UNII:FML8G1U0Y3']",NCIT:C78213,1,[],NCIT:C78213,missing_disease
"['CHEBI:31498', 'CHEBI:3614', 'CHEBI:7025']",UMLS:C1542646,1,[],UMLS:C1542646,missing_disease
"['CHEBI:31498', 'CHEBI:4514']",MONDO:0005725,1,[],MONDO:0005725,missing_disease
"['CHEBI:31498', 'CHEBI:6532']",UMLS:C0947873,1,[],UMLS:C0947873,missing_disease
"['CHEBI:31498', 'CHEBI:6637', 'UNII:9T3UU8T0QK']",MONDO:0007186,1,['UNII:9T3UU8T0QK'],,missing_drug
"['CHEBI:31498', 'CHEBI:6637', 'UNII:9T3UU8T0QK']",UMLS:C0267167,1,['UNII:9T3UU8T0QK'],,missing_drug
"['CHEBI:31498', 'CHEBI:6637', 'UNII:JDN69ZV6XV']",UMLS:C0267167,1,['UNII:JDN69ZV6XV'],,missing_drug
"['CHEBI:31498', 'CHEBI:81916', 'DRUGBANK:DB10426', 'DRUGBANK:DB14016']",HP:0033589,1,"['DRUGBANK:DB10426', 'DRUGBANK:DB14016']",,missing_drug
"['CHEBI:31498', 'CHEBI:81916', 'DRUGBANK:DB10426', 'DRUGBANK:DB14016']",MONDO:0001684,1,"['DRUGBANK:DB10426', 'DRUGBANK:DB14016']",,missing_drug
"['CHEBI:31498', 'CHEBI:94458']",UMLS:C4728126,1,[],UMLS:C4728126,missing_disease
"['CHEBI:31498', 'DRUGBANK:DB11065', 'DRUGBANK:DB11066', 'DRUGBANK:DB13147']",MONDO:0001684,1,['DRUGBANK:DB11066'],,missing_drug
"['CHEBI:31498', 'UNII:6V88E24N5T']",MONDO:0007721,1,[],MONDO:0007721,missing_disease
"['CHEBI:31498', 'UNII:6V88E24N5T']",UniProtKB:A0A8D1LPS5,1,[],UniProtKB:A0A8D1LPS5,missing_disease
"['CHEBI:31498', 'UNII:JDN69ZV6XV']",MONDO:0018570,0,['UNII:JDN69ZV6XV'],,missing_drug
"['CHEBI:31638', 'CHEBI:85993', 'UNII:L4C1UY2NYH']",UMLS:C3495949,1,[],UMLS:C3495949,missing_disease
"['CHEBI:31793', 'CHEBI:3310']",UMLS:C2585811,1,['CHEBI:3310'],UMLS:C2585811,missing_drug+missing_disease
"['CHEBI:31807', 'CHEBI:94458']",UMLS:C4728126,1,[],UMLS:C4728126,missing_disease
"['CHEBI:3183', 'CHEBI:4470', 'CHEBI:51209']",UMLS:C0749874,1,[],UMLS:C0749874,missing_disease
"['CHEBI:3183', 'CHEBI:4470', 'CHEBI:5551', 'UNII:S3V868548T']",MONDO:0005607,1,['UNII:S3V868548T'],,missing_drug
"['CHEBI:3183', 'CHEBI:4470', 'CHEBI:5551', 'UNII:S3V868548T']",MONDO:0005709,1,['UNII:S3V868548T'],,missing_drug
"['CHEBI:3183', 'CHEBI:4470', 'UNII:S3V868548T']",HP:0012735,1,['UNII:S3V868548T'],,missing_drug
"['CHEBI:3183', 'CHEBI:4470', 'UNII:S3V868548T']",MONDO:0005607,1,['UNII:S3V868548T'],,missing_drug
"['CHEBI:3183', 'CHEBI:4470', 'UNII:S3V868548T']",MONDO:0005709,1,['UNII:S3V868548T'],,missing_drug
"['CHEBI:31832', 'CHEBI:88839']",UMLS:C0856716,0,[],UMLS:C0856716,missing_disease
"['CHEBI:31832', 'PUBCHEM.COMPOUND:10219851']",HP:0003326,1,['PUBCHEM.COMPOUND:10219851'],,missing_drug
"['CHEBI:31932', 'CHEBI:601027']",UMLS:C1802373,0,[],UMLS:C1802373,missing_disease
"['CHEBI:31980', 'DRUGBANK:DB14148']",NCIT:C86975,1,"['CHEBI:31980', 'DRUGBANK:DB14148']",NCIT:C86975,missing_drug+missing_disease
"['CHEBI:31980', 'DRUGBANK:DB14148', 'DRUGBANK:DB14148']",NCIT:C86975,1,"['CHEBI:31980', 'DRUGBANK:DB14148', 'DRUGBANK:DB14148']",NCIT:C86975,missing_drug+missing_disease
"['CHEBI:32015', 'CHEBI:8774']",MONDO:0005468,1,['CHEBI:32015'],,missing_drug
"['CHEBI:32035', 'CHEBI:6650']",UMLS:C0268015,1,[],UMLS:C0268015,missing_disease
"['CHEBI:32036', 'CHEBI:32149', 'CHEBI:32599']",UMLS:C0730516,1,['CHEBI:32036'],UMLS:C0730516,missing_drug+missing_disease
"['CHEBI:32114', 'CHEBI:46195', 'CHEBI:52010']",UMLS:C0852402,1,[],UMLS:C0852402,missing_disease
"['CHEBI:32114', 'CHEBI:46195', 'CHEBI:52140', 'CHEBI:8093']",UMLS:C0852402,1,[],UMLS:C0852402,missing_disease
"['CHEBI:32114', 'CHEBI:52010']",UMLS:C0852402,1,[],UMLS:C0852402,missing_disease
"['CHEBI:32139', 'CHEBI:36773', 'DRUGBANK:DB10651', 'UNII:AV092KU4JH']",HP:0011848,1,['DRUGBANK:DB10651'],,missing_drug
"['CHEBI:32139', 'CHEBI:50275']",RXCUI:1089111,1,[],RXCUI:1089111,missing_disease
"['CHEBI:3215', 'CHEBI:6456', 'CHEBI:6888']",MONDO:0002473,1,[],MONDO:0002473,missing_disease
"['CHEBI:32219', 'CHEBI:7470']",NCIT:C50572,1,[],NCIT:C50572,missing_disease
"['CHEBI:32234', 'CHEBI:36560', 'DRUGBANK:DB11111', 'UNII:NQ14646378']",HP:0000958,1,[],HP:0000958,missing_disease
"['CHEBI:32322', 'CHEBI:46936']",UMLS:C0699896,1,[],UMLS:C0699896,missing_disease
"['CHEBI:32322', 'CHEBI:46936']",UMLS:C0947839,0,[],UMLS:C0947839,missing_disease
"['CHEBI:32914', 'CHEBI:53579', 'CHEBI:94563']",UMLS:C0729771,1,[],UMLS:C0729771,missing_disease
"['CHEBI:32914', 'CHEBI:6456']",UMLS:C0039437,1,[],UMLS:C0039437,missing_disease
"['CHEBI:32914', 'CHEBI:6456']",UMLS:C0729771,1,[],UMLS:C0729771,missing_disease
"['CHEBI:32914', 'CHEBI:94563']",UMLS:C0877743,1,[],UMLS:C0877743,missing_disease
"['CHEBI:33118', 'CHEBI:33130', 'CHEBI:36560', 'UNII:8P5F881OCY']",MONDO:0004646,1,[],MONDO:0004646,missing_disease
"['CHEBI:3312', 'UNII:04XPW8C0FL', 'UNII:SCK81AMR7R', 'UNII:SCK81AMR7R', 'UNII:U50VWW6XH6']",UMLS:C0420433,1,[],UMLS:C0420433,missing_disease
"['CHEBI:33130', 'UNII:24H4NWX5CO', 'UNII:FML8G1U0Y3']",NCIT:C78213,1,[],NCIT:C78213,missing_disease
"['CHEBI:33353', 'UNII:B005P07V07']",MONDO:0005098,1,['UNII:B005P07V07'],,missing_drug
"['CHEBI:33353', 'UNII:N6OU7HJ70P']",UMLS:C0852149,1,['UNII:N6OU7HJ70P'],UMLS:C0852149,missing_drug+missing_disease
"['CHEBI:3347', 'CHEBI:601027']",UMLS:C1802373,0,[],UMLS:C1802373,missing_disease
"['CHEBI:34764', 'CHEBI:74460']",DRUGBANK:DB10426,1,[],DRUGBANK:DB10426,missing_disease
"['CHEBI:34764', 'CHEBI:7507']",UMLS:C0086196,1,[],UMLS:C0086196,missing_disease
"['CHEBI:34764', 'CHEBI:7507']",UMLS:C0263233,1,[],UMLS:C0263233,missing_disease
"['CHEBI:3504', 'CHEBI:48947']",UMLS:C0264222,1,[],UMLS:C0264222,missing_disease
"['CHEBI:3504', 'CHEBI:48947']",UMLS:C0851631,1,[],UMLS:C0851631,missing_disease
"['CHEBI:3510', 'CHEBI:48947']",UMLS:C0851631,1,[],UMLS:C0851631,missing_disease
"['CHEBI:3611', 'CHEBI:95178']",MONDO:0005001,1,[],MONDO:0005001,missing_disease
"['CHEBI:3611', 'CHEBI:95178']",MONDO:0005667,1,[],MONDO:0005667,missing_disease
"['CHEBI:3614', 'CHEBI:39561']",UMLS:C0583755,1,[],UMLS:C0583755,missing_disease
"['CHEBI:3614', 'CHEBI:39561']",UMLS:C0583781,1,[],UMLS:C0583781,missing_disease
"['CHEBI:3614', 'CHEBI:39561']",UMLS:C1112715,1,[],UMLS:C1112715,missing_disease
"['CHEBI:3614', 'CHEBI:6456']",HP:0001609,1,[],HP:0001609,missing_disease
"['CHEBI:3654', 'CHEBI:68845']",UMLS:C3838797,1,[],UMLS:C3838797,missing_disease
"['CHEBI:36560', 'CHEBI:50819']",UMLS:C0424499,1,[],UMLS:C0424499,missing_disease
"['CHEBI:36560', 'DRUGBANK:DB11058']",UMLS:C0011593,1,[],UMLS:C0011593,missing_disease
"['CHEBI:36560', 'DRUGBANK:DB11111']",HP:0000958,1,[],HP:0000958,missing_disease
"['CHEBI:36560', 'DRUGBANK:DB11111']",UMLS:C5437085,1,[],UMLS:C5437085,missing_disease
"['CHEBI:3698', 'CHEBI:601027']",UMLS:C1802373,0,[],UMLS:C1802373,missing_disease
"['CHEBI:39561', 'CHEBI:6456', 'UNII:877376V2XW']",MONDO:0004844,1,[],MONDO:0004844,missing_disease
"['CHEBI:39867', 'CHEBI:8871']",UMLS:C2937260,1,[],UMLS:C2937260,missing_disease
"['CHEBI:4046', 'CHEBI:6810']",HP:0004325,1,['CHEBI:6810'],,missing_drug
"['CHEBI:41774', 'CHEBI:9352']",MONDO:0005031,1,"['CHEBI:41774', 'CHEBI:9352']",MONDO:0005031,missing_drug+missing_disease
"['CHEBI:41872', 'UNII:877376V2XW']",UMLS:C0729771,1,[],UMLS:C0729771,missing_disease
"['CHEBI:41879', 'CHEBI:5280']",UMLS:C0851772,1,[],UMLS:C0851772,missing_disease
"['CHEBI:41879', 'CHEBI:63598']",UMLS:C0851439,1,[],UMLS:C0851439,missing_disease
"['CHEBI:41879', 'CHEBI:63611']",UMLS:C0549436,1,[],UMLS:C0549436,missing_disease
"['CHEBI:41879', 'CHEBI:7507']",UMLS:C0852660,1,[],UMLS:C0852660,missing_disease
"['CHEBI:41879', 'CHEBI:7507', 'PUBCHEM.COMPOUND:45267103']",MONDO:0002776,1,[],MONDO:0002776,missing_disease
"['CHEBI:41879', 'CHEBI:7507', 'PUBCHEM.COMPOUND:45267103']",MONDO:0004856,1,[],MONDO:0004856,missing_disease
"['CHEBI:41879', 'CHEBI:7507', 'PUBCHEM.COMPOUND:45267103']",UMLS:C4285790,1,[],UMLS:C4285790,missing_disease
"['CHEBI:41879', 'CHEBI:7660']",CHEBI:53775,1,[],CHEBI:53775,missing_disease
"['CHEBI:43755', 'CHEBI:601027']",UMLS:C1802373,0,[],UMLS:C1802373,missing_disease
"['CHEBI:44185', 'UNII:UMD07X179E']",MONDO:0100345,1,[],MONDO:0100345,missing_disease
"['CHEBI:4470', 'CHEBI:46195', 'CHEBI:52010', 'UNII:S3V868548T']",MONDO:0005709,1,['UNII:S3V868548T'],,missing_drug
"['CHEBI:4470', 'CHEBI:51209', 'CHEBI:84116']",UMLS:C0852126,1,[],UMLS:C0852126,missing_disease
"['CHEBI:4470', 'CHEBI:52010', 'CHEBI:5551', 'UNII:S3V868548T']",HP:0012735,1,['UNII:S3V868548T'],,missing_drug
"['CHEBI:4470', 'CHEBI:52010', 'UNII:S3V868548T']",UMLS:C0577662,1,['UNII:S3V868548T'],,missing_drug
"['CHEBI:4470', 'CHEBI:5551', 'UNII:S3V868548T']",HP:0012735,1,['UNII:S3V868548T'],,missing_drug
"['CHEBI:4470', 'CHEBI:5551', 'UNII:S3V868548T']",MONDO:0005607,1,['UNII:S3V868548T'],,missing_drug
"['CHEBI:4470', 'CHEBI:8461']",UMLS:C0749874,1,[],UMLS:C0749874,missing_disease
"['CHEBI:4470', 'UNII:S3V868548T']",MONDO:0005607,1,['UNII:S3V868548T'],,missing_drug
"['CHEBI:45409', 'CHEBI:63580', 'CHEBI:85182', 'CHEBI:85183', 'UNII:OU2YM37K86']",UMLS:C4049393,1,[],UMLS:C4049393,missing_disease
"['CHEBI:45409', 'CHEBI:85182', 'CHEBI:85183', 'UNII:OU2YM37K86']",UMLS:C4049394,1,[],UMLS:C4049394,missing_disease
"['CHEBI:45924', 'CHEBI:88258']",UMLS:C0729525,1,[],UMLS:C0729525,missing_disease
"['CHEBI:45924', 'CHEBI:88258']",UMLS:C0860551,0,[],UMLS:C0860551,missing_disease
"['CHEBI:45924', 'CHEBI:88258']",UMLS:C2363723,1,[],UMLS:C2363723,missing_disease
"['CHEBI:45924', 'CHEBI:88258']",UMLS:C3544325,1,[],UMLS:C3544325,missing_disease
"['CHEBI:46195', 'CHEBI:51209']",UMLS:C0264222,1,[],UMLS:C0264222,missing_disease
"['CHEBI:46195', 'CHEBI:51209', 'CHEBI:52010']",UMLS:C0264222,1,[],UMLS:C0264222,missing_disease
"['CHEBI:46195', 'CHEBI:51209', 'CHEBI:52010', 'CHEBI:94607']",UMLS:C0264222,1,[],UMLS:C0264222,missing_disease
"['CHEBI:46195', 'CHEBI:51209', 'CHEBI:84116']",UMLS:C0264222,1,[],UMLS:C0264222,missing_disease
"['CHEBI:46195', 'CHEBI:52010', 'CHEBI:94607']",UMLS:C0264222,1,[],UMLS:C0264222,missing_disease
"['CHEBI:46195', 'CHEBI:5551', 'CHEBI:6762', 'CHEBI:8093']",UMLS:C0264222,1,[],UMLS:C0264222,missing_disease
"['CHEBI:46195', 'CHEBI:5551', 'CHEBI:8093']",UMLS:C0741789,1,[],UMLS:C0741789,missing_disease
"['CHEBI:46195', 'CHEBI:5551', 'CHEBI:8093']",UMLS:C0852402,1,[],UMLS:C0852402,missing_disease
"['CHEBI:46195', 'CHEBI:7789']",UMLS:C1736180,1,[],UMLS:C1736180,missing_disease
"['CHEBI:46195', 'CHEBI:7982']",UMLS:C0278138,1,[],UMLS:C0278138,missing_disease
"['CHEBI:4636', 'CHEBI:5551', 'CHEBI:85537', 'CHEBI:94484']",UMLS:C0549313,1,[],UMLS:C0549313,missing_disease
"['CHEBI:46859', 'DRUGBANK:DB15794']",MONDO:0005076,1,[],MONDO:0005076,missing_disease
"['CHEBI:47381', 'CHEBI:94557']",UMLS:C0699896,1,[],UMLS:C0699896,missing_disease
"['CHEBI:47381', 'CHEBI:94557']",UMLS:C0740418,1,[],UMLS:C0740418,missing_disease
"['CHEBI:478164', 'UNII:80VUN7L00C']",MONDO:0100338,1,['UNII:80VUN7L00C'],,missing_drug
"['CHEBI:4784', 'CHEBI:601027']",UMLS:C1802373,0,[],UMLS:C1802373,missing_disease
"['CHEBI:48213', 'CHEBI:48220']",UMLS:C0729771,1,[],UMLS:C0729771,missing_disease
"['CHEBI:48947', 'CHEBI:93248']",UMLS:C0264222,1,[],UMLS:C0264222,missing_disease
"['CHEBI:48947', 'CHEBI:93248']",UMLS:C0859304,1,[],UMLS:C0859304,missing_disease
"['CHEBI:48947', 'CHEBI:9587']",UMLS:C0729565,1,[],UMLS:C0729565,missing_disease
"['CHEBI:48947', 'CHEBI:9587']",UMLS:C0851439,1,[],UMLS:C0851439,missing_disease
"['CHEBI:48947', 'CHEBI:9587']",UMLS:C0851631,1,[],UMLS:C0851631,missing_disease
"['CHEBI:48947', 'CHEBI:9587']",UMLS:C0851989,1,[],UMLS:C0851989,missing_disease
"['CHEBI:48947', 'CHEBI:9587']",UMLS:C5577613,1,[],UMLS:C5577613,missing_disease
"['CHEBI:48981', 'CHEBI:6456', 'CHEBI:8430']",UMLS:C5437085,1,[],UMLS:C5437085,missing_disease
"['CHEBI:4903', 'CHEBI:50815']",UMLS:C0013420,0,[],UMLS:C0013420,missing_disease
"['CHEBI:4903', 'CHEBI:50815']",UMLS:C0342513,1,[],UMLS:C0342513,missing_disease
"['CHEBI:4903', 'CHEBI:50838']",UMLS:C0013420,0,[],UMLS:C0013420,missing_disease
"['CHEBI:4903', 'CHEBI:50838']",UMLS:C0337664,0,[],UMLS:C0337664,missing_disease
"['CHEBI:4903', 'CHEBI:50838']",UMLS:C0860206,0,[],UMLS:C0860206,missing_disease
"['CHEBI:4903', 'CHEBI:50838']",UMLS:C1277190,0,[],UMLS:C1277190,missing_disease
"['CHEBI:4903', 'CHEBI:50838']",UniProtKB:A0A8D1B937,0,[],UniProtKB:A0A8D1B937,missing_disease
"['CHEBI:49040', 'CHEBI:50690']",UMLS:C2047520,1,[],UMLS:C2047520,missing_disease
"['CHEBI:49040', 'CHEBI:9150']",UMLS:C2047520,1,[],UMLS:C2047520,missing_disease
"['CHEBI:4909', 'CHEBI:94557']",UMLS:C0740418,1,[],UMLS:C0740418,missing_disease
"['CHEBI:49575', 'CHEBI:6043']",UMLS:C4728126,1,[],UMLS:C4728126,missing_disease
"['CHEBI:50885', 'CHEBI:6456', 'CHEBI:7507', 'CHEBI:8310', 'UNII:5X4V82ZN30']",MONDO:0004795,1,"['CHEBI:50885', 'UNII:5X4V82ZN30']",,missing_drug
"['CHEBI:5100', 'UNII:2M3055079H']",UMLS:C4303073,0,[],UMLS:C4303073,missing_disease
"['CHEBI:5103', 'UNII:M0Q7802G2B']",UMLS:C2712370,0,[],UMLS:C2712370,missing_disease
"['CHEBI:5108', 'UNII:WA1RT89G9X']",HP:0012390,1,['UNII:WA1RT89G9X'],,missing_drug
"['CHEBI:5108', 'UNII:WA1RT89G9X']",MONDO:0002041,0,['UNII:WA1RT89G9X'],,missing_drug
"['CHEBI:5108', 'UNII:WA1RT89G9X']",MONDO:0002519,1,['UNII:WA1RT89G9X'],MONDO:0002519,missing_drug+missing_disease
"['CHEBI:5108', 'UNII:WA1RT89G9X']",MONDO:0004872,1,['UNII:WA1RT89G9X'],,missing_drug
"['CHEBI:5108', 'UNII:WA1RT89G9X']",MONDO:0018076,0,['UNII:WA1RT89G9X'],,missing_drug
"['CHEBI:5108', 'UNII:WA1RT89G9X']",UMLS:C0162628,0,['UNII:WA1RT89G9X'],,missing_drug
"['CHEBI:5108', 'UNII:WA1RT89G9X']",UMLS:C4286025,1,['UNII:WA1RT89G9X'],UMLS:C4286025,missing_drug+missing_disease
"['CHEBI:5108', 'UNII:YH9K692U9S']",MONDO:0006004,1,['UNII:YH9K692U9S'],,missing_drug
"['CHEBI:5108', 'UNII:YH9K692U9S']",UMLS:C5848051,1,['UNII:YH9K692U9S'],UMLS:C5848051,missing_drug+missing_disease
"['CHEBI:51209', 'CHEBI:52010', 'CHEBI:5855']",UMLS:C0852402,1,[],UMLS:C0852402,missing_disease
"['CHEBI:51209', 'CHEBI:5855']",UMLS:C0848633,1,[],UMLS:C0848633,missing_disease
"['CHEBI:51209', 'CHEBI:5855']",UMLS:C0852402,1,[],UMLS:C0852402,missing_disease
"['CHEBI:51209', 'CHEBI:83168']",MONDO:0005091,1,['CHEBI:83168'],,missing_drug
"['CHEBI:51209', 'CHEBI:84116']",UMLS:C0852126,1,[],UMLS:C0852126,missing_disease
"['CHEBI:51209', 'CHEBI:94559']",UMLS:C2721639,1,[],UMLS:C2721639,missing_disease
"['CHEBI:5130', 'CHEBI:94557']",UMLS:C0699896,1,[],UMLS:C0699896,missing_disease
"['CHEBI:5130', 'CHEBI:94557']",UMLS:C0740418,1,[],UMLS:C0740418,missing_disease
"['CHEBI:5164', 'CHEBI:601027']",UMLS:C1802373,0,[],UMLS:C1802373,missing_disease
"['CHEBI:5195', 'CHEBI:5950', 'CHEBI:7507', 'CHEBI:9336']",UMLS:C0851981,1,[],UMLS:C0851981,missing_disease
"['CHEBI:5195', 'CHEBI:5950', 'CHEBI:7507', 'CHEBI:9336', 'UNII:24H4NWX5CO']",UMLS:C0851981,1,[],UMLS:C0851981,missing_disease
"['CHEBI:5195', 'DRUGBANK:DB11158', 'UNII:24H4NWX5CO']",UMLS:C0849784,1,[],UMLS:C0849784,missing_disease
"['CHEBI:5195', 'DRUGBANK:DB11158', 'UNII:24H4NWX5CO']",UMLS:C1313963,1,[],UMLS:C1313963,missing_disease
"['CHEBI:52010', 'CHEBI:5779']",UMLS:C0749874,1,[],UMLS:C0749874,missing_disease
"['CHEBI:52010', 'CHEBI:5855']",UMLS:C0264222,1,[],UMLS:C0264222,missing_disease
"['CHEBI:52010', 'CHEBI:59773']",UMLS:C0339164,1,[],UMLS:C0339164,missing_disease
"['CHEBI:52010', 'UNII:S3V868548T']",MONDO:0005709,1,['UNII:S3V868548T'],,missing_drug
"['CHEBI:5280', 'CHEBI:8378']",UMLS:C0851772,1,[],UMLS:C0851772,missing_disease
"['CHEBI:53691', 'CHEBI:59732']",NCIT:C35135,1,[],NCIT:C35135,missing_disease
"['CHEBI:53691', 'CHEBI:59732']",UMLS:C0436510,0,[],UMLS:C0436510,missing_disease
"['CHEBI:53691', 'CHEBI:59732']",UMLS:C2047834,0,[],UMLS:C2047834,missing_disease
"['CHEBI:53691', 'CHEBI:59732']",UMLS:C2186977,0,[],UMLS:C2186977,missing_disease
"['CHEBI:5551', 'PUBCHEM.COMPOUND:4786']",UMLS:C1802373,0,[],UMLS:C1802373,missing_disease
"['CHEBI:5778', 'CHEBI:78539']",UMLS:C1802373,0,[],UMLS:C1802373,missing_disease
"['CHEBI:5778', 'CHEBI:78539']",UMLS:C4708664,0,[],UMLS:C4708664,missing_disease
"['CHEBI:5855', 'CHEBI:8093']",UMLS:C0848633,1,[],UMLS:C0848633,missing_disease
"['CHEBI:5855', 'CHEBI:8093']",UMLS:C0852402,1,[],UMLS:C0852402,missing_disease
"['CHEBI:5931', 'CHEBI:5931']",UMLS:C1802373,1,[],UMLS:C1802373,missing_disease
"['CHEBI:5959', 'CHEBI:601027']",UMLS:C1802373,0,[],UMLS:C1802373,missing_disease
"['CHEBI:59909', 'CHEBI:59912', 'CHEBI:59919']",UMLS:C0851428,1,[],UMLS:C0851428,missing_disease
"['CHEBI:601027', 'CHEBI:64021']",UMLS:C1802373,0,[],UMLS:C1802373,missing_disease
"['CHEBI:601027', 'CHEBI:68845']",UMLS:C1802373,0,[],UMLS:C1802373,missing_disease
"['CHEBI:601027', 'CHEBI:6960']",UMLS:C1802373,0,[],UMLS:C1802373,missing_disease
"['CHEBI:601027', 'CHEBI:78539']",UMLS:C1802373,0,[],UMLS:C1802373,missing_disease
"['CHEBI:601027', 'CHEBI:8024']",UMLS:C1802373,0,[],UMLS:C1802373,missing_disease
"['CHEBI:601027', 'CHEBI:8774']",UMLS:C1802373,0,[],UMLS:C1802373,missing_disease
"['CHEBI:601027', 'CHEBI:9434']",UMLS:C1802373,0,[],UMLS:C1802373,missing_disease
"['CHEBI:601027', 'CHEBI:9649']",UMLS:C1802373,0,[],UMLS:C1802373,missing_disease
"['CHEBI:601027', 'CHEBI:9927']",UMLS:C1802373,0,[],UMLS:C1802373,missing_disease
"['CHEBI:6129', 'CHEBI:63611']",UMLS:C0549436,1,[],UMLS:C0549436,missing_disease
"['CHEBI:6129', 'CHEBI:8093']",UMLS:C1626415,1,[],UMLS:C1626415,missing_disease
"['CHEBI:63577', 'CHEBI:63717', 'UNII:913P6LK81M']",UMLS:C0542009,1,[],UMLS:C0542009,missing_disease
"['CHEBI:63577', 'CHEBI:76010']",UMLS:C0877599,1,[],UMLS:C0877599,missing_disease
"['CHEBI:63580', 'CHEBI:68595', 'UNII:G8RGG88B68']",UMLS:C4049392,1,[],UMLS:C4049392,missing_disease
"['CHEBI:63580', 'CHEBI:68621', 'UNII:G8RGG88B68']",UMLS:C4049392,1,[],UMLS:C4049392,missing_disease
"['CHEBI:63580', 'CHEBI:82977', 'CHEBI:85083']",UMLS:C4049392,1,[],UMLS:C4049392,missing_disease
"['CHEBI:63580', 'CHEBI:82977', 'CHEBI:85083']",UMLS:C4049435,1,[],UMLS:C4049435,missing_disease
"['CHEBI:63580', 'CHEBI:85083']",UMLS:C4049395,1,[],UMLS:C4049395,missing_disease
"['CHEBI:63580', 'CHEBI:85083']",UMLS:C4049435,1,[],UMLS:C4049435,missing_disease
"['CHEBI:63580', 'CHEBI:85083', 'CHEBI:85089']",UMLS:C3887014,1,[],UMLS:C3887014,missing_disease
"['CHEBI:63580', 'CHEBI:85083', 'UNII:Q46947FE7K']",UMLS:C4049392,1,[],UMLS:C4049392,missing_disease
"['CHEBI:63580', 'CHEBI:85083', 'UNII:Q46947FE7K']",UMLS:C4049431,1,[],UMLS:C4049431,missing_disease
"['CHEBI:63580', 'UNII:G8RGG88B68']",UNII:NBNLIKBZ5N,1,[],UNII:NBNLIKBZ5N,missing_disease
"['CHEBI:63631', 'CHEBI:8080']",EFO:0004340,1,[],EFO:0004340,missing_disease
"['CHEBI:6427', 'CHEBI:7627']",UniProtKB:A0A4X1SKS6,0,[],UniProtKB:A0A4X1SKS6,missing_disease
"['CHEBI:6456', 'CHEBI:6888']",UMLS:C3854487,1,[],UMLS:C3854487,missing_disease
"['CHEBI:6456', 'CHEBI:7565']",HP:0012390,1,['CHEBI:7565'],,missing_drug
"['CHEBI:6456', 'CHEBI:7565']",NCIT:C78587,1,['CHEBI:7565'],NCIT:C78587,missing_drug+missing_disease
"['CHEBI:6456', 'CHEBI:8093', 'CHEBI:9757']",UMLS:C0375731,1,[],UMLS:C0375731,missing_disease
"['CHEBI:64733', 'CHEBI:81862']",RXCUI:375804,1,[],RXCUI:375804,missing_disease
"['CHEBI:64733', 'CHEBI:81862']",UMLS:C1142367,1,[],UMLS:C1142367,missing_disease
"['CHEBI:6504', 'CHEBI:8871']",UMLS:C2937260,1,[],UMLS:C2937260,missing_disease
"['CHEBI:6637', 'UNII:JDN69ZV6XV']",MONDO:0018570,0,['UNII:JDN69ZV6XV'],,missing_drug
"['CHEBI:66901', 'UNII:8RW88Y506K']",UniProtKB:A0A8D0UYS7,1,[],UniProtKB:A0A8D0UYS7,missing_disease
"['CHEBI:66910', 'UNII:DPT0O3T46P']",UMLS:C5395609,1,[],UMLS:C5395609,missing_disease
"['CHEBI:66910', 'UNII:KXG2PJ551I']",UMLS:C5395609,1,[],UMLS:C5395609,missing_disease
"['CHEBI:6717', 'CHEBI:7789']",UMLS:C0278138,1,[],UMLS:C0278138,missing_disease
"['CHEBI:6801', 'CHEBI:82720']",UMLS:C0851439,0,[],UMLS:C0851439,missing_disease
"['CHEBI:6801', 'CHEBI:82720']",UMLS:C3714660,0,[],UMLS:C3714660,missing_disease
"['CHEBI:6801', 'CHEBI:85078']",UMLS:C2585811,0,[],UMLS:C2585811,missing_disease
"['CHEBI:6801', 'CHEBI:85078']",UMLS:C4324389,1,[],UMLS:C4324389,missing_disease
"['CHEBI:68478', 'CHEBI:85994']",UNII:D7RD81HE4W,1,[],UNII:D7RD81HE4W,missing_disease
"['CHEBI:68602', 'CHEBI:76010']",UMLS:C0877599,1,[],UMLS:C0877599,missing_disease
"['CHEBI:71272', 'CHEBI:85078']",RXCUI:1925495,1,[],RXCUI:1925495,missing_disease
"['CHEBI:71272', 'CHEBI:85078']",UMLS:C2585811,0,[],UMLS:C2585811,missing_disease
"['CHEBI:7470', 'CHEBI:84115']",NCIT:C50572,1,[],NCIT:C50572,missing_disease
"['CHEBI:7470', 'UNII:877376V2XW']",UMLS:C1699100,1,[],UMLS:C1699100,missing_disease
"['CHEBI:75045', 'CHEBI:75998']",UMLS:C5395609,1,[],UMLS:C5395609,missing_disease
"['CHEBI:75045', 'CHEBI:75998']",UniProtKB:A0A8D0SEZ5,1,[],UniProtKB:A0A8D0SEZ5,missing_disease
"['CHEBI:7507', 'CHEBI:8310', 'PUBCHEM.COMPOUND:45267103']",UMLS:C0851772,1,[],UMLS:C0851772,missing_disease
"['CHEBI:7507', 'DRUGBANK:DB11158', 'UNII:24H4NWX5CO']",UMLS:C0849784,1,[],UMLS:C0849784,missing_disease
"['CHEBI:7507', 'DRUGBANK:DB11158', 'UNII:24H4NWX5CO']",UMLS:C0851981,1,[],UMLS:C0851981,missing_disease
"['CHEBI:76612', 'UNII:4F4X42SYQ6']",UMLS:C5395609,1,[],UMLS:C5395609,missing_disease
"['CHEBI:76612', 'UNII:O43472U9X8']",UMLS:C5395609,1,[],UMLS:C5395609,missing_disease
"['CHEBI:8093', 'CHEBI:8461']",UMLS:C0749874,1,[],UMLS:C0749874,missing_disease
"['CHEBI:81916', 'DRUGBANK:DB10448']",UMLS:C0267167,1,['DRUGBANK:DB10448'],,missing_drug
"['CHEBI:81916', 'DRUGBANK:DB14016']",HP:0033589,1,['DRUGBANK:DB14016'],,missing_drug
"['CHEBI:81916', 'DRUGBANK:DB14016']",MONDO:0001684,1,['DRUGBANK:DB14016'],,missing_drug
"['CHEBI:81916', 'DRUGBANK:DB14016']",NCIT:C78213,1,['DRUGBANK:DB14016'],NCIT:C78213,missing_drug+missing_disease
"['CHEBI:8232', 'CHEBI:9421']",UMLS:C4727977,1,[],UMLS:C4727977,missing_disease
"['CHEBI:8232', 'CHEBI:9421']",UMLS:C5577613,1,[],UMLS:C5577613,missing_disease
"['CHEBI:82977', 'CHEBI:85083']",UMLS:C4049392,1,[],UMLS:C4049392,missing_disease
"['CHEBI:82977', 'CHEBI:85083']",UMLS:C4049395,1,[],UMLS:C4049395,missing_disease
"['CHEBI:82977', 'CHEBI:85083']",UMLS:C4049435,1,[],UMLS:C4049435,missing_disease
"['CHEBI:8378', 'CHEBI:9468']",RXCUI:1430114,1,[],RXCUI:1430114,missing_disease
"['CHEBI:85083', 'CHEBI:85089']",UMLS:C4049392,1,[],UMLS:C4049392,missing_disease
"['CHEBI:85083', 'CHEBI:85089']",UMLS:C4049418,1,[],UMLS:C4049418,missing_disease
"['CHEBI:85083', 'CHEBI:85089']",UMLS:C4049420,1,[],UMLS:C4049420,missing_disease
"['CHEBI:85083', 'CHEBI:85089']",UMLS:C4049431,1,[],UMLS:C4049431,missing_disease
"['CHEBI:85155', 'CHEBI:85157']",UMLS:C1112312,1,[],UMLS:C1112312,missing_disease
"['CHEBI:86541', 'CHEBI:88839']",UMLS:C0856716,0,[],UMLS:C0856716,missing_disease
"['CHEBI:8913', 'CHEBI:94458']",MONDO:0004872,1,['CHEBI:8913'],,missing_drug
"['CHEBI:9434', 'CHEBI:9434']",UMLS:C1802373,0,[],UMLS:C1802373,missing_disease
"['CHEBI:94362', 'UNII:19FUJ2C58T', 'UNII:7Y4N11PXO8']",UMLS:C0340732,1,[],UMLS:C0340732,missing_disease
"['CHEBI:9765', 'UNII:BVS505O332']",UMLS:C0178808,0,[],UMLS:C0178808,missing_disease
"['CHEBI:9907', 'UNII:N1429130KR']",UNII:V9G7HR5L1Q,1,['UNII:N1429130KR'],,missing_drug
"['DRUGBANK:DB09422', 'DRUGBANK:DB13959']",UMLS:C0342919,1,[],UMLS:C0342919,missing_disease
"['DRUGBANK:DB09876', 'DRUGBANK:DB09877', 'DRUGBANK:DB10342', 'DRUGBANK:DB10795', 'DRUGBANK:DB10796', 'DRUGBANK:DB10797', 'DRUGBANK:DB11627', 'UNII:63GD90PP8X', 'UNII:63GD90PP8X', 'UNII:63GD90PP8X', 'UNII:63GD90PP8X']",MONDO:0017373,1,"['DRUGBANK:DB10342', 'DRUGBANK:DB10795', 'DRUGBANK:DB10796', 'DRUGBANK:DB10797']",,missing_drug
"['DRUGBANK:DB09876', 'DRUGBANK:DB09877', 'DRUGBANK:DB10795', 'DRUGBANK:DB10796', 'DRUGBANK:DB10797', 'DRUGBANK:DB11627', 'DRUGBANK:DB15876', 'UNII:63GD90PP8X', 'UNII:63GD90PP8X', 'UNII:63GD90PP8X']",MONDO:0005526,1,"['DRUGBANK:DB10795', 'DRUGBANK:DB10796', 'DRUGBANK:DB10797', 'DRUGBANK:DB15876']",,missing_drug
"['DRUGBANK:DB09876', 'DRUGBANK:DB09877', 'DRUGBANK:DB10795', 'DRUGBANK:DB10796', 'DRUGBANK:DB10797', 'DRUGBANK:DB11627', 'DRUGBANK:DB15876', 'UNII:63GD90PP8X', 'UNII:63GD90PP8X', 'UNII:63GD90PP8X']",UNII:C9R35M8XV6,1,"['DRUGBANK:DB10795', 'DRUGBANK:DB10796', 'DRUGBANK:DB10797', 'DRUGBANK:DB15876']",UNII:C9R35M8XV6,missing_drug+missing_disease
"['DRUGBANK:DB09876', 'DRUGBANK:DB09877', 'DRUGBANK:DB10795', 'DRUGBANK:DB10796', 'DRUGBANK:DB10797', 'DRUGBANK:DB11627', 'UNII:63GD90PP8X', 'UNII:63GD90PP8X', 'UNII:63GD90PP8X']",MONDO:0017373,1,"['DRUGBANK:DB10795', 'DRUGBANK:DB10796', 'DRUGBANK:DB10797']",,missing_drug
"['DRUGBANK:DB09876', 'DRUGBANK:DB09877', 'DRUGBANK:DB10795', 'DRUGBANK:DB10796', 'DRUGBANK:DB10797', 'UNII:63GD90PP8X', 'UNII:63GD90PP8X', 'UNII:63GD90PP8X']",MONDO:0017373,1,"['DRUGBANK:DB10795', 'DRUGBANK:DB10796', 'DRUGBANK:DB10797']",,missing_drug
"['DRUGBANK:DB09876', 'DRUGBANK:DB09877', 'DRUGBANK:DB10795', 'DRUGBANK:DB10796', 'DRUGBANK:DB10797', 'UNII:63GD90PP8X', 'UNII:63GD90PP8X', 'UNII:63GD90PP8X', 'UNII:63GD90PP8X']",MONDO:0017373,1,"['DRUGBANK:DB10795', 'DRUGBANK:DB10796', 'DRUGBANK:DB10797']",,missing_drug
"['DRUGBANK:DB10293', 'DRUGBANK:DB10297']",MONDO:0005441,1,"['DRUGBANK:DB10293', 'DRUGBANK:DB10297']",,missing_drug
"['DRUGBANK:DB10293', 'DRUGBANK:DB10297']",MONDO:0005972,1,"['DRUGBANK:DB10293', 'DRUGBANK:DB10297']",,missing_drug
"['DRUGBANK:DB10293', 'DRUGBANK:DB10297']",UMLS:C3495859,1,"['DRUGBANK:DB10293', 'DRUGBANK:DB10297']",UMLS:C3495859,missing_drug+missing_disease
"['DRUGBANK:DB10294', 'DRUGBANK:DB10296', 'DRUGBANK:DB10297', 'DRUGBANK:DB10298', 'DRUGBANK:DB16710', 'DRUGBANK:DB16711', 'DRUGBANK:DB16713', 'DRUGBANK:DB16714', 'DRUGBANK:DB16715', 'DRUGBANK:DB16716', 'DRUGBANK:DB19342', 'DRUGBANK:DB19343', 'DRUGBANK:DB19344', 'DRUGBANK:DB19345', 'DRUGBANK:DB19346', 'DRUGBANK:DB19347', 'DRUGBANK:DB19348', 'DRUGBANK:DB19349', 'DRUGBANK:DB19350', 'DRUGBANK:DB19351', 'DRUGBANK:DB19352', 'UNII:08VC9WC084']",MONDO:0005972,1,"['DRUGBANK:DB10294', 'DRUGBANK:DB10296', 'DRUGBANK:DB10297', 'DRUGBANK:DB10298', 'DRUGBANK:DB16710', 'DRUGBANK:DB16711', 'DRUGBANK:DB16713', 'DRUGBANK:DB16714', 'DRUGBANK:DB16715', 'DRUGBANK:DB16716', 'DRUGBANK:DB19342', 'DRUGBANK:DB19343', 'DRUGBANK:DB19344', 'DRUGBANK:DB19345', 'DRUGBANK:DB19346', 'DRUGBANK:DB19347', 'DRUGBANK:DB19348', 'DRUGBANK:DB19349', 'DRUGBANK:DB19350', 'DRUGBANK:DB19351', 'DRUGBANK:DB19352', 'UNII:08VC9WC084']",,missing_drug
"['DRUGBANK:DB10294', 'DRUGBANK:DB10296', 'DRUGBANK:DB10297', 'DRUGBANK:DB10298', 'DRUGBANK:DB16710', 'DRUGBANK:DB16711', 'DRUGBANK:DB16713', 'DRUGBANK:DB16714', 'DRUGBANK:DB16715', 'DRUGBANK:DB16716', 'DRUGBANK:DB19342', 'DRUGBANK:DB19343', 'DRUGBANK:DB19344', 'DRUGBANK:DB19345', 'DRUGBANK:DB19346', 'DRUGBANK:DB19347', 'DRUGBANK:DB19348', 'DRUGBANK:DB19349', 'DRUGBANK:DB19350', 'DRUGBANK:DB19351', 'DRUGBANK:DB19352', 'UNII:08VC9WC084']",UMLS:C3495859,1,"['DRUGBANK:DB10294', 'DRUGBANK:DB10296', 'DRUGBANK:DB10297', 'DRUGBANK:DB10298', 'DRUGBANK:DB16710', 'DRUGBANK:DB16711', 'DRUGBANK:DB16713', 'DRUGBANK:DB16714', 'DRUGBANK:DB16715', 'DRUGBANK:DB16716', 'DRUGBANK:DB19342', 'DRUGBANK:DB19343', 'DRUGBANK:DB19344', 'DRUGBANK:DB19345', 'DRUGBANK:DB19346', 'DRUGBANK:DB19347', 'DRUGBANK:DB19348', 'DRUGBANK:DB19349', 'DRUGBANK:DB19350', 'DRUGBANK:DB19351', 'DRUGBANK:DB19352', 'UNII:08VC9WC084']",UMLS:C3495859,missing_drug+missing_disease
"['DRUGBANK:DB10319', 'DRUGBANK:DB10321']",MONDO:0005114,1,"['DRUGBANK:DB10319', 'DRUGBANK:DB10321']",,missing_drug
"['DRUGBANK:DB10319', 'DRUGBANK:DB10323', 'DRUGBANK:DB10324', 'DRUGBANK:DB10325', 'DRUGBANK:DB10328', 'DRUGBANK:DB10332', 'DRUGBANK:DB10336', 'DRUGBANK:DB10337', 'DRUGBANK:DB10340', 'DRUGBANK:DB16609']",MONDO:0005114,1,"['DRUGBANK:DB10319', 'DRUGBANK:DB10323', 'DRUGBANK:DB10324', 'DRUGBANK:DB10325', 'DRUGBANK:DB10328', 'DRUGBANK:DB10332', 'DRUGBANK:DB10336', 'DRUGBANK:DB10337', 'DRUGBANK:DB10340', 'DRUGBANK:DB16609']",,missing_drug
"['DRUGBANK:DB10320', 'DRUGBANK:DB10321']",MONDO:0005114,1,"['DRUGBANK:DB10320', 'DRUGBANK:DB10321']",,missing_drug
"['DRUGBANK:DB10320', 'DRUGBANK:DB10322']",MONDO:0005114,1,"['DRUGBANK:DB10320', 'DRUGBANK:DB10322']",,missing_drug
"['DRUGBANK:DB10320', 'DRUGBANK:DB10323']",MONDO:0005114,1,"['DRUGBANK:DB10320', 'DRUGBANK:DB10323']",,missing_drug
"['DRUGBANK:DB10320', 'DRUGBANK:DB10324']",MONDO:0005114,1,"['DRUGBANK:DB10320', 'DRUGBANK:DB10324']",,missing_drug
"['DRUGBANK:DB10320', 'DRUGBANK:DB10325']",MONDO:0005114,1,"['DRUGBANK:DB10320', 'DRUGBANK:DB10325']",,missing_drug
"['DRUGBANK:DB10320', 'DRUGBANK:DB10326']",MONDO:0005114,1,"['DRUGBANK:DB10320', 'DRUGBANK:DB10326']",,missing_drug
"['DRUGBANK:DB10320', 'DRUGBANK:DB10327']",MONDO:0005114,1,"['DRUGBANK:DB10320', 'DRUGBANK:DB10327']",,missing_drug
"['DRUGBANK:DB10320', 'DRUGBANK:DB10328']",MONDO:0005114,1,"['DRUGBANK:DB10320', 'DRUGBANK:DB10328']",,missing_drug
"['DRUGBANK:DB10320', 'DRUGBANK:DB10329']",MONDO:0005114,1,"['DRUGBANK:DB10320', 'DRUGBANK:DB10329']",,missing_drug
"['DRUGBANK:DB10320', 'DRUGBANK:DB10330']",MONDO:0005114,1,"['DRUGBANK:DB10320', 'DRUGBANK:DB10330']",,missing_drug
"['DRUGBANK:DB10320', 'DRUGBANK:DB10331']",MONDO:0005114,1,"['DRUGBANK:DB10320', 'DRUGBANK:DB10331']",,missing_drug
"['DRUGBANK:DB10320', 'DRUGBANK:DB10332']",MONDO:0005114,1,"['DRUGBANK:DB10320', 'DRUGBANK:DB10332']",,missing_drug
"['DRUGBANK:DB10320', 'DRUGBANK:DB10333']",MONDO:0005114,1,"['DRUGBANK:DB10320', 'DRUGBANK:DB10333']",,missing_drug
"['DRUGBANK:DB10320', 'DRUGBANK:DB10334']",MONDO:0005114,1,"['DRUGBANK:DB10320', 'DRUGBANK:DB10334']",,missing_drug
"['DRUGBANK:DB10320', 'DRUGBANK:DB10335']",MONDO:0005114,1,"['DRUGBANK:DB10320', 'DRUGBANK:DB10335']",,missing_drug
"['DRUGBANK:DB10320', 'DRUGBANK:DB10336']",MONDO:0005114,1,"['DRUGBANK:DB10320', 'DRUGBANK:DB10336']",,missing_drug
"['DRUGBANK:DB10320', 'DRUGBANK:DB10337']",MONDO:0005114,1,"['DRUGBANK:DB10320', 'DRUGBANK:DB10337']",,missing_drug
"['DRUGBANK:DB10320', 'DRUGBANK:DB10338']",MONDO:0005114,1,"['DRUGBANK:DB10320', 'DRUGBANK:DB10338']",,missing_drug
"['DRUGBANK:DB10320', 'DRUGBANK:DB10339']",MONDO:0005114,1,"['DRUGBANK:DB10320', 'DRUGBANK:DB10339']",,missing_drug
"['DRUGBANK:DB10320', 'DRUGBANK:DB10340']",MONDO:0005114,1,"['DRUGBANK:DB10320', 'DRUGBANK:DB10340']",,missing_drug
"['DRUGBANK:DB10320', 'DRUGBANK:DB10341']",MONDO:0005114,1,"['DRUGBANK:DB10320', 'DRUGBANK:DB10341']",,missing_drug
"['DRUGBANK:DB10400', 'DRUGBANK:DB10401']",HP:0410324,1,"['DRUGBANK:DB10400', 'DRUGBANK:DB10401']",,missing_drug
"['DRUGBANK:DB10651', 'DRUGBANK:DB15478', 'DRUGBANK:DB15815']",MONDO:0002203,1,"['DRUGBANK:DB10651', 'DRUGBANK:DB15478', 'DRUGBANK:DB15815']",,missing_drug
"['DRUGBANK:DB10763', 'UNII:J7WWH9M8QS']",UMLS:C5441507,1,['DRUGBANK:DB10763'],UMLS:C5441507,missing_drug+missing_disease
"['DRUGBANK:DB10781', 'DRUGBANK:DB15507', 'DRUGBANK:DB18750']",MONDO:0005812,1,"['DRUGBANK:DB10781', 'DRUGBANK:DB15507', 'DRUGBANK:DB18750']",,missing_drug
"['DRUGBANK:DB10785', 'DRUGBANK:DB10785', 'DRUGBANK:DB10785', 'DRUGBANK:DB10785']",MONDO:0018059,1,"['DRUGBANK:DB10785', 'DRUGBANK:DB10785', 'DRUGBANK:DB10785', 'DRUGBANK:DB10785']",,missing_drug
"['DRUGBANK:DB11065', 'DRUGBANK:DB11066']",MONDO:0001684,1,['DRUGBANK:DB11066'],,missing_drug
"['DRUGBANK:DB11065', 'DRUGBANK:DB11066', 'DRUGBANK:DB13147']",MONDO:0001684,1,['DRUGBANK:DB11066'],,missing_drug
"['DRUGBANK:DB11097', 'UNII:3FYP5M0IJX', 'UNII:K9NXW456E2']",MONDO:0002203,1,['UNII:K9NXW456E2'],,missing_drug
"['DRUGBANK:DB11097', 'UNII:K9NXW456E2']",MONDO:0005265,1,['UNII:K9NXW456E2'],,missing_drug
"['DRUGBANK:DB11158', 'UNII:24H4NWX5CO']",UMLS:C0947873,1,[],UMLS:C0947873,missing_disease
"['DRUGBANK:DB11193', 'UNII:BVS505O332']",UMLS:C0178808,0,[],UMLS:C0178808,missing_disease
"['DRUGBANK:DB11621', 'DRUGBANK:DB13968']",DRUGBANK:DB13924,1,[],DRUGBANK:DB13924,missing_disease
"['DRUGBANK:DB11643', 'DRUGBANK:DB15484', 'DRUGBANK:DB15485', 'DRUGBANK:DB15486', 'DRUGBANK:DB15487']",MONDO:0015766,1,"['DRUGBANK:DB15484', 'DRUGBANK:DB15485', 'DRUGBANK:DB15486', 'DRUGBANK:DB15487']",,missing_drug
"['DRUGBANK:DB13897', 'DRUGBANK:DB13898', 'DRUGBANK:DB13899', 'DRUGBANK:DB13900', 'DRUGBANK:DB13901', 'DRUGBANK:DB13902', 'DRUGBANK:DB13903']",MONDO:0005498,1,"['DRUGBANK:DB13897', 'DRUGBANK:DB13898', 'DRUGBANK:DB13899', 'DRUGBANK:DB13900', 'DRUGBANK:DB13901', 'DRUGBANK:DB13902', 'DRUGBANK:DB13903']",,missing_drug
"['DRUGBANK:DB13968', 'DRUGBANK:DB13968']",MONDO:0001371,1,[],MONDO:0001371,missing_disease
"['DRUGBANK:DB14390', 'DRUGBANK:DB14392', 'DRUGBANK:DB18750']",MONDO:0005812,1,"['DRUGBANK:DB14390', 'DRUGBANK:DB14392', 'DRUGBANK:DB18750']",,missing_drug
"['DRUGBANK:DB14427', 'DRUGBANK:DB14428', 'DRUGBANK:DB14429', 'DRUGBANK:DB14430']",MONDO:0005373,1,"['DRUGBANK:DB14427', 'DRUGBANK:DB14428', 'DRUGBANK:DB14429', 'DRUGBANK:DB14430']",,missing_drug
"['DRUGBANK:DB15478', 'DRUGBANK:DB15815']",HP:0002013,0,"['DRUGBANK:DB15478', 'DRUGBANK:DB15815']",,missing_drug
"['DRUGBANK:DB15478', 'DRUGBANK:DB15815']",HP:0002018,0,"['DRUGBANK:DB15478', 'DRUGBANK:DB15815']",,missing_drug
"['DRUGBANK:DB15478', 'DRUGBANK:DB15815']",HP:0002027,0,"['DRUGBANK:DB15478', 'DRUGBANK:DB15815']",,missing_drug
"['DRUGBANK:DB15478', 'DRUGBANK:DB15815']",MONDO:0002203,1,"['DRUGBANK:DB15478', 'DRUGBANK:DB15815']",,missing_drug
"['DRUGBANK:DB15478', 'DRUGBANK:DB15815']",MONDO:0004565,0,"['DRUGBANK:DB15478', 'DRUGBANK:DB15815']",,missing_drug
"['DRUGBANK:DB15478', 'DRUGBANK:DB15815']",UMLS:C0267465,0,"['DRUGBANK:DB15478', 'DRUGBANK:DB15815']",,missing_drug
"['DRUGBANK:DB15478', 'DRUGBANK:DB15815']",UMLS:C0267596,0,"['DRUGBANK:DB15478', 'DRUGBANK:DB15815']",,missing_drug
"['DRUGBANK:DB15478', 'DRUGBANK:DB15815']",UMLS:C3472181,0,"['DRUGBANK:DB15478', 'DRUGBANK:DB15815']",,missing_drug
"['DRUGBANK:DB15478', 'DRUGBANK:DB15815', 'UNII:3FYP5M0IJX']",MONDO:0002203,1,"['DRUGBANK:DB15478', 'DRUGBANK:DB15815']",,missing_drug
"['DRUGBANK:DB15483', 'DRUGBANK:DB15595']",MONDO:0005737,1,['DRUGBANK:DB15595'],,missing_drug
"['DRUGBANK:DB15507', 'DRUGBANK:DB15507', 'DRUGBANK:DB18750', 'DRUGBANK:DB18750']",MONDO:0005812,1,"['DRUGBANK:DB15507', 'DRUGBANK:DB15507', 'DRUGBANK:DB18750', 'DRUGBANK:DB18750']",,missing_drug
"['DRUGBANK:DB15507', 'DRUGBANK:DB18750', 'DRUGBANK:DB18750']",MONDO:0005812,1,"['DRUGBANK:DB15507', 'DRUGBANK:DB18750', 'DRUGBANK:DB18750']",,missing_drug
"['DRUGBANK:DB15521', 'DRUGBANK:DB15522', 'DRUGBANK:DB15523', 'DRUGBANK:DB15524']",MONDO:0005502,1,"['DRUGBANK:DB15521', 'DRUGBANK:DB15522', 'DRUGBANK:DB15523', 'DRUGBANK:DB15524']",,missing_drug
"['DRUGBANK:DB15680', 'DRUGBANK:DB15681', 'DRUGBANK:DB15682', 'DRUGBANK:DB15683']",DRUGBANK:DB10785,1,"['DRUGBANK:DB15680', 'DRUGBANK:DB15681', 'DRUGBANK:DB15682', 'DRUGBANK:DB15683']",DRUGBANK:DB10785,missing_drug+missing_disease
"['DRUGBANK:DB15680', 'DRUGBANK:DB15681', 'DRUGBANK:DB15682', 'DRUGBANK:DB15683']",MONDO:0005373,1,"['DRUGBANK:DB15680', 'DRUGBANK:DB15681', 'DRUGBANK:DB15682', 'DRUGBANK:DB15683']",,missing_drug
"['DRUGBANK:DB15680', 'DRUGBANK:DB15681', 'DRUGBANK:DB15682', 'DRUGBANK:DB15683']",MONDO:0018059,1,"['DRUGBANK:DB15680', 'DRUGBANK:DB15681', 'DRUGBANK:DB15682', 'DRUGBANK:DB15683']",,missing_drug
"['DRUGBANK:DB15815', 'UNII:3FYP5M0IJX']",HP:0002013,0,['DRUGBANK:DB15815'],,missing_drug
"['DRUGBANK:DB15815', 'UNII:3FYP5M0IJX']",HP:0002018,0,['DRUGBANK:DB15815'],,missing_drug
"['DRUGBANK:DB15815', 'UNII:3FYP5M0IJX']",HP:0002027,0,['DRUGBANK:DB15815'],,missing_drug
"['DRUGBANK:DB15815', 'UNII:3FYP5M0IJX']",MONDO:0004565,0,['DRUGBANK:DB15815'],,missing_drug
"['DRUGBANK:DB15815', 'UNII:3FYP5M0IJX']",UMLS:C0267465,0,['DRUGBANK:DB15815'],,missing_drug
"['DRUGBANK:DB15815', 'UNII:3FYP5M0IJX']",UMLS:C0267596,0,['DRUGBANK:DB15815'],,missing_drug
"['DRUGBANK:DB15815', 'UNII:3FYP5M0IJX']",UMLS:C3472181,0,['DRUGBANK:DB15815'],,missing_drug
"['DRUGBANK:DB15823', 'DRUGBANK:DB16540', 'DRUGBANK:DB16548']",UMLS:C0947873,1,"['DRUGBANK:DB16540', 'DRUGBANK:DB16548']",UMLS:C0947873,missing_drug+missing_disease
"['DRUGBANK:DB18750', 'DRUGBANK:DB18750']",MONDO:0005812,1,"['DRUGBANK:DB18750', 'DRUGBANK:DB18750']",,missing_drug
"['PUBCHEM.COMPOUND:105013', 'UNII:G083B71P98']",UniProtKB:P01168,1,['PUBCHEM.COMPOUND:105013'],,missing_drug
"['PUBCHEM.COMPOUND:91820602', 'UNII:2S9ZZM9Q9V', 'UNII:52CMI0WC3Y']",UMLS:C5395609,1,[],UMLS:C5395609,missing_disease
"['PUBCHEM.COMPOUND:91820602', 'UNII:52CMI0WC3Y']",UMLS:C5395609,1,[],UMLS:C5395609,missing_disease
"['UNII:2S9ZZM9Q9V', 'UNII:52CMI0WC3Y']",UMLS:C5395609,1,[],UMLS:C5395609,missing_disease
"['UNII:2WU922TK3L', 'UNII:K6BUU8J72P']",DRUGBANK:DB11066,1,[],DRUGBANK:DB11066,missing_disease
"['UNII:2WU922TK3L', 'UNII:K6BUU8J72P']",UMLS:C4049392,1,[],UMLS:C4049392,missing_disease
"['UNII:2WU922TK3L', 'UNII:K6BUU8J72P']",UMLS:C4049395,1,[],UMLS:C4049395,missing_disease
"['UNII:2WU922TK3L', 'UNII:K6BUU8J72P']",UMLS:C4049418,1,[],UMLS:C4049418,missing_disease
"['UNII:2WU922TK3L', 'UNII:K6BUU8J72P']",UMLS:C4049420,1,[],UMLS:C4049420,missing_disease
"['UNII:2WU922TK3L', 'UNII:K6BUU8J72P']",UMLS:C4049431,1,[],UMLS:C4049431,missing_disease
"['UNII:2WU922TK3L', 'UNII:K6BUU8J72P']",UMLS:C4049435,1,[],UMLS:C4049435,missing_disease
"['UNII:31YO63LBSN', 'UNII:6T8C155666']",UMLS:C0862906,1,[],UMLS:C0862906,missing_disease
"['UNII:31YO63LBSN', 'UNII:6T8C155666']",UMLS:C5395609,1,[],UMLS:C5395609,missing_disease
"['UNII:5UW00M8KR0', 'UNII:R17X820ROL']",HP:0002153,0,['UNII:5UW00M8KR0'],,missing_drug
"['UNII:5UW00M8KR0', 'UNII:R17X820ROL']",HP:0002918,0,['UNII:5UW00M8KR0'],,missing_drug
"['UNII:5UW00M8KR0', 'UNII:R17X820ROL']",HP:0011105,0,['UNII:5UW00M8KR0'],,missing_drug
"['UNII:5UW00M8KR0', 'UNII:R17X820ROL']",MONDO:0000468,0,['UNII:5UW00M8KR0'],,missing_drug
"['UNII:5UW00M8KR0', 'UNII:R17X820ROL']",MONDO:0001106,0,['UNII:5UW00M8KR0'],,missing_drug
"['UNII:5UW00M8KR0', 'UNII:R17X820ROL']",MONDO:0001166,0,['UNII:5UW00M8KR0'],,missing_drug
"['UNII:5UW00M8KR0', 'UNII:R17X820ROL']",MONDO:0005009,0,['UNII:5UW00M8KR0'],,missing_drug
"['UNII:5UW00M8KR0', 'UNII:R17X820ROL']",MONDO:0006684,0,['UNII:5UW00M8KR0'],,missing_drug
"['UNII:5UW00M8KR0', 'UNII:R17X820ROL']",MONDO:0006932,0,['UNII:5UW00M8KR0'],,missing_drug
"['UNII:5UW00M8KR0', 'UNII:R17X820ROL']",MONDO:0007263,1,['UNII:5UW00M8KR0'],,missing_drug
"['UNII:5UW00M8KR0', 'UNII:R17X820ROL']",MONDO:0009688,0,['UNII:5UW00M8KR0'],,missing_drug
"['UNII:5UW00M8KR0', 'UNII:R17X820ROL']",UMLS:C0161680,0,['UNII:5UW00M8KR0'],UMLS:C0161680,missing_drug+missing_disease
"['UNII:5UW00M8KR0', 'UNII:R17X820ROL']",UMLS:C0795692,0,['UNII:5UW00M8KR0'],,missing_drug
"['UNII:5UW00M8KR0', 'UNII:R17X820ROL']",UMLS:C3472181,0,['UNII:5UW00M8KR0'],,missing_drug
"['UNII:6LTE2DNX63', 'UNII:J2D279PEM5']",NCBITaxon:333760,1,"['UNII:6LTE2DNX63', 'UNII:J2D279PEM5']",,missing_drug
"['UNII:6LTE2DNX63', 'UNII:J2D279PEM5']",NCBITaxon:337042,1,"['UNII:6LTE2DNX63', 'UNII:J2D279PEM5']",,missing_drug
"['UNII:8NY9L8837D', 'UNII:Q3B1Y93C1S']",HP:0002015,0,['UNII:Q3B1Y93C1S'],,missing_drug
"['UNII:8NY9L8837D', 'UNII:Q3B1Y93C1S']",MONDO:0006722,0,['UNII:Q3B1Y93C1S'],,missing_drug
"['UNII:8NY9L8837D', 'UNII:Q3B1Y93C1S']",UMLS:C0410447,0,['UNII:Q3B1Y93C1S'],UMLS:C0410447,missing_drug+missing_disease
"['UNII:8NY9L8837D', 'UNII:Q3B1Y93C1S']",UMLS:C1536052,0,['UNII:Q3B1Y93C1S'],,missing_drug
"['UNII:AG9MHG098Z', 'UNII:O43472U9X8']",MONDO:0007915,1,['UNII:AG9MHG098Z'],,missing_drug
